asset,category,slot,ingested_at,close,stale,volume_24h,market_cap
ADA,crypto,2026-06-27T21:00:00Z,2026-06-27T21:40:31.221000Z,0.145572,0,250395355,5421990623
ADA,crypto,2026-06-28T03:00:00Z,2026-06-28T02:55:11.099000Z,0.144676,0,231047665,5387562291
ADA,crypto,2026-06-28T09:00:00Z,2026-06-28T08:55:10.981000Z,0.145835,0,215092167,5431943977
ADA,crypto,2026-06-28T15:00:00Z,2026-06-28T14:55:11.013000Z,0.144693,0,210241487,5389167474
ADA,crypto,2026-06-28T21:00:00Z,2026-06-28T20:55:10.321000Z,0.143377,0,203559710,5340388916
ADA,crypto,2026-06-29T03:00:00Z,2026-06-29T02:55:11.123000Z,0.1441,0,221869433,5369181668
ADA,crypto,2026-06-29T09:00:00Z,2026-06-29T08:55:10.979000Z,0.144224,0,243565167,5373388957
ADA,crypto,2026-06-29T15:00:00Z,2026-06-29T14:55:11.173000Z,0.144076,0,294821344,5361988747
ADA,crypto,2026-06-29T21:00:00Z,2026-06-29T20:55:10.707000Z,0.146856,0,313338277,5472733080
ADA,crypto,2026-06-30T03:00:00Z,2026-06-30T02:55:10.949000Z,0.144568,0,296273426,5385876386
ADA,crypto,2026-06-30T09:00:00Z,2026-06-30T08:55:11.045000Z,0.144037,0,283021683,5364666258
ADA,crypto,2026-06-30T15:00:00Z,2026-06-30T14:55:10.952000Z,0.14389,0,271456871,5364497048
ADA,crypto,2026-06-30T21:00:00Z,2026-06-30T20:55:10.876000Z,0.143708,0,289115595,5352975017
ADA,crypto,2026-07-01T03:00:00Z,2026-07-01T02:55:11.104000Z,0.146042,0,309913352,5440573679
ADA,crypto,2026-07-01T09:00:00Z,2026-07-01T08:55:11.012000Z,0.149827,0,443574891,5583125859
ADA,crypto,2026-07-01T15:00:00Z,2026-07-01T14:55:11.746000Z,0.155341,0,469359554,5781832739
ADA,crypto,2026-07-01T21:00:00Z,2026-07-01T20:55:10.757000Z,0.153682,0,534173331,5725944446
ADA,crypto,2026-07-02T03:00:00Z,2026-07-02T02:55:11.270000Z,0.154469,0,559991720,5755651664
ADA,crypto,2026-07-02T09:00:00Z,2026-07-02T08:55:11.235000Z,0.156357,0,469136018,5825864194
ADA,crypto,2026-07-02T15:00:00Z,2026-07-02T14:55:11.017000Z,0.159817,0,454495162,5955011866
ADA,crypto,2026-07-02T21:00:00Z,2026-07-02T20:55:10.266000Z,0.161604,0,437788867,6022103612
ADA,crypto,2026-07-03T03:00:00Z,2026-07-03T02:55:11.207000Z,0.166344,0,473801011,6191891298
ADA,crypto,2026-07-03T09:00:00Z,2026-07-03T08:55:10.492000Z,0.166068,0,511563565,6187281422
ADA,crypto,2026-07-03T15:00:00Z,2026-07-03T14:55:11.220000Z,0.170385,0,514742559,6351652429
ADA,crypto,2026-07-03T21:00:00Z,2026-07-03T20:55:11.434000Z,0.181144,0,688273103,6745754870
ADA,crypto,2026-07-04T03:00:00Z,2026-07-04T02:55:10.821000Z,0.177325,0,689321817,6608144558
ADA,crypto,2026-07-04T09:00:00Z,2026-07-04T08:55:10.243000Z,0.175979,0,648647257,6556577730
ADA,crypto,2026-07-04T15:00:00Z,2026-07-04T14:55:11.386000Z,0.181594,0,626304986,6766061764
ADA,crypto,2026-07-04T21:00:00Z,2026-07-04T20:55:10.979000Z,0.191425,0,775898951,7134214332
ADA,crypto,2026-07-05T03:00:00Z,2026-07-05T02:55:10.783000Z,0.190395,0,790792008,7094613487
ADA,crypto,2026-07-05T09:00:00Z,2026-07-05T08:55:10.639000Z,0.192343,0,815892544,7170116053
ADA,crypto,2026-07-05T15:00:00Z,2026-07-05T14:55:10.688000Z,0.189195,0,829690850,7050301279
ADA,crypto,2026-07-05T21:00:00Z,2026-07-05T20:55:10.859000Z,0.188261,0,526467320,7014891117
ADA,crypto,2026-07-06T03:00:00Z,2026-07-06T02:55:11.250000Z,0.188899,0,481867778,7039434034
ADA,crypto,2026-07-06T09:00:00Z,2026-07-06T08:55:10.952000Z,0.18498,0,461104503,6893403274
ADA,crypto,2026-07-06T15:00:00Z,2026-07-06T14:55:11.160000Z,0.181301,0,458637650,6755795834
ADA,crypto,2026-07-06T21:00:00Z,2026-07-06T20:55:11.425000Z,0.182895,0,494556175,6814574911
ADA,crypto,2026-07-07T03:00:00Z,2026-07-07T02:55:10.771000Z,0.181343,0,453964947,6759801352
ADA,crypto,2026-07-07T09:00:00Z,2026-07-07T08:55:11.371000Z,0.178855,0,436223834,6664758693
ADA,crypto,2026-07-07T15:00:00Z,2026-07-07T14:55:11.804000Z,0.175961,0,367297845,6552984136
ADA,crypto,2026-07-07T21:00:00Z,2026-07-07T20:55:11.775000Z,0.175762,0,329977628,6548832002
ADA,crypto,2026-07-08T03:00:00Z,2026-07-08T02:55:11.333000Z,0.171476,0,333282353,6392360400
ADA,crypto,2026-07-08T09:00:00Z,2026-07-08T08:55:11.110000Z,0.166677,0,348148940,6211096391
ADA,crypto,2026-07-08T15:00:00Z,2026-07-08T14:55:11.475000Z,0.16647,0,360101815,6200987390
ADA,crypto,2026-07-08T21:00:00Z,2026-07-08T20:55:11.658000Z,0.166243,0,298110090,6197207813
ADA,crypto,2026-07-09T03:00:00Z,2026-07-09T02:55:10.329000Z,0.166169,0,303966327,6193088599
ADA,crypto,2026-07-09T09:00:00Z,2026-07-09T08:55:11.677000Z,0.167047,0,282394820,6225618423
ADA,crypto,2026-07-09T15:00:00Z,2026-07-09T14:55:11.581000Z,0.168983,0,271271213,6297975305
ADA,crypto,2026-07-09T21:00:00Z,2026-07-09T20:55:11.422000Z,0.166649,0,283340117,6211266040
ADA,crypto,2026-07-10T03:00:00Z,2026-07-10T02:55:10.914000Z,0.168572,0,289299493,6280400844
ADA,crypto,2026-07-10T09:00:00Z,2026-07-10T08:55:11.157000Z,0.167944,0,338602542,6259744524
ADA,crypto,2026-07-10T15:00:00Z,2026-07-10T14:55:10.602000Z,0.165854,0,347500531,6181344801
ADA,crypto,2026-07-10T21:00:00Z,2026-07-10T20:55:11.028000Z,0.166844,0,312127353,6218680640
ADA,crypto,2026-07-11T03:00:00Z,2026-07-11T02:55:10.922000Z,0.16643,0,298216729,6202715702
ADA,crypto,2026-07-11T09:00:00Z,2026-07-11T08:55:10.846000Z,0.16745,0,220124168,6240848361
ADA,crypto,2026-07-11T15:00:00Z,2026-07-11T14:55:10.774000Z,0.168939,0,180944469,6295420324
BTC,crypto,2026-06-27T21:00:00Z,2026-06-27T21:40:31.221000Z,60267,0,15712729815,1208385762531
BTC,crypto,2026-06-28T03:00:00Z,2026-06-28T02:55:11.099000Z,60079,0,15855714461,1204610794074
BTC,crypto,2026-06-28T09:00:00Z,2026-06-28T08:55:10.981000Z,60314,0,14447770699,1209206242443
BTC,crypto,2026-06-28T15:00:00Z,2026-06-28T14:55:11.013000Z,59969,0,15463790814,1202566895994
BTC,crypto,2026-06-28T21:00:00Z,2026-06-28T20:55:10.320000Z,59574,0,15441783762,1194437142005
BTC,crypto,2026-06-29T03:00:00Z,2026-06-29T02:55:11.123000Z,59631,0,17951855260,1195628175237
BTC,crypto,2026-06-29T09:00:00Z,2026-06-29T08:55:10.979000Z,59812,0,20726681313,1199449458382
BTC,crypto,2026-06-29T15:00:00Z,2026-06-29T14:55:11.173000Z,59416,0,29847957533,1189558278915
BTC,crypto,2026-06-29T21:00:00Z,2026-06-29T20:55:10.707000Z,60229,0,32663393826,1207678706416
BTC,crypto,2026-06-30T03:00:00Z,2026-06-30T02:55:10.949000Z,59946,0,30267205275,1201886765255
BTC,crypto,2026-06-30T09:00:00Z,2026-06-30T08:55:11.045000Z,59209,0,29899437391,1186665280243
BTC,crypto,2026-06-30T15:00:00Z,2026-06-30T14:55:10.952000Z,58476,0,29635911581,1173221551226
BTC,crypto,2026-06-30T21:00:00Z,2026-06-30T20:55:10.876000Z,58629,0,32017656176,1175411434274
BTC,crypto,2026-07-01T03:00:00Z,2026-07-01T02:55:11.104000Z,58978,0,34816497867,1182338019214
BTC,crypto,2026-07-01T09:00:00Z,2026-07-01T08:55:11.012000Z,58715,0,34304932099,1176909880688
BTC,crypto,2026-07-01T15:00:00Z,2026-07-01T14:55:11.746000Z,59658,0,35356787685,1195903247881
BTC,crypto,2026-07-01T21:00:00Z,2026-07-01T20:55:10.757000Z,60054,0,35750312822,1204099630539
BTC,crypto,2026-07-02T03:00:00Z,2026-07-02T02:55:11.270000Z,60310,0,38476375235,1209226275988
BTC,crypto,2026-07-02T09:00:00Z,2026-07-02T08:55:11.235000Z,60437,0,40184018431,1211739397559
BTC,crypto,2026-07-02T15:00:00Z,2026-07-02T14:55:11.017000Z,61516,0,43815730455,1233703124371
BTC,crypto,2026-07-02T21:00:00Z,2026-07-02T20:55:10.266000Z,61371,0,43271338552,1230830644881
BTC,crypto,2026-07-03T03:00:00Z,2026-07-03T02:55:11.207000Z,61347,0,38034049101,1229872349309
BTC,crypto,2026-07-03T09:00:00Z,2026-07-03T08:55:10.492000Z,61554,0,36602630631,1234608250727
BTC,crypto,2026-07-03T15:00:00Z,2026-07-03T14:55:11.220000Z,62076,0,28471600123,1244726007637
BTC,crypto,2026-07-03T21:00:00Z,2026-07-03T20:55:11.434000Z,62753,0,26110926916,1258200280602
BTC,crypto,2026-07-04T03:00:00Z,2026-07-04T02:55:10.821000Z,62498,0,25126083795,1253289736211
BTC,crypto,2026-07-04T09:00:00Z,2026-07-04T08:55:10.243000Z,62584,0,23608534819,1255030295699
BTC,crypto,2026-07-04T15:00:00Z,2026-07-04T14:55:11.386000Z,62619,0,19557765098,1255933036411
BTC,crypto,2026-07-04T21:00:00Z,2026-07-04T20:55:10.979000Z,63252,0,19073465593,1268393550741
BTC,crypto,2026-07-05T03:00:00Z,2026-07-05T02:55:10.783000Z,62582,0,17626298270,1254856509056
BTC,crypto,2026-07-05T09:00:00Z,2026-07-05T08:55:10.639000Z,62868,0,18046556122,1260648441691
BTC,crypto,2026-07-05T15:00:00Z,2026-07-05T14:55:10.688000Z,62673,0,17773141792,1256682332755
BTC,crypto,2026-07-05T21:00:00Z,2026-07-05T20:55:10.859000Z,62699,0,15757531511,1257274476074
BTC,crypto,2026-07-06T03:00:00Z,2026-07-06T02:55:11.250000Z,63358,0,19497618883,1270455146602
BTC,crypto,2026-07-06T09:00:00Z,2026-07-06T08:55:10.952000Z,62840,0,21524622522,1260275490078
BTC,crypto,2026-07-06T15:00:00Z,2026-07-06T14:55:11.160000Z,61951,0,30558298058,1241544827843
BTC,crypto,2026-07-06T21:00:00Z,2026-07-06T20:55:11.425000Z,63824,0,37756075133,1279757160749
BTC,crypto,2026-07-07T03:00:00Z,2026-07-07T02:55:10.771000Z,63313,0,35798000773,1269989100162
BTC,crypto,2026-07-07T09:00:00Z,2026-07-07T08:55:11.371000Z,62997,0,37122392901,1263280289565
BTC,crypto,2026-07-07T15:00:00Z,2026-07-07T14:55:11.804000Z,63255,0,33874487421,1269408952676
BTC,crypto,2026-07-07T21:00:00Z,2026-07-07T20:55:11.775000Z,63603,0,32831767058,1275298336893
BTC,crypto,2026-07-08T03:00:00Z,2026-07-08T02:55:11.333000Z,62890,0,32442913828,1261297933776
BTC,crypto,2026-07-08T09:00:00Z,2026-07-08T08:55:11.110000Z,62132,0,31754370638,1246071335754
BTC,crypto,2026-07-08T15:00:00Z,2026-07-08T14:55:11.475000Z,61862,0,31958188898,1238532360473
BTC,crypto,2026-07-08T21:00:00Z,2026-07-08T20:55:11.658000Z,62079,0,28304992838,1245391918513
BTC,crypto,2026-07-09T03:00:00Z,2026-07-09T02:55:10.329000Z,61721,0,25605662684,1237749434628
BTC,crypto,2026-07-09T09:00:00Z,2026-07-09T08:55:11.677000Z,62851,0,26201802405,1260364128596
BTC,crypto,2026-07-09T15:00:00Z,2026-07-09T14:55:11.581000Z,62825,0,26797605503,1259400481678
BTC,crypto,2026-07-09T21:00:00Z,2026-07-09T20:55:11.422000Z,63214,0,26857842003,1267972936276
BTC,crypto,2026-07-10T03:00:00Z,2026-07-10T02:55:10.914000Z,63926,0,27904574996,1282373657769
BTC,crypto,2026-07-10T09:00:00Z,2026-07-10T08:55:11.157000Z,64135,0,28285501944,1285988071675
BTC,crypto,2026-07-10T15:00:00Z,2026-07-10T14:55:10.602000Z,63948,0,26965901416,1282435070481
BTC,crypto,2026-07-10T21:00:00Z,2026-07-10T20:55:11.028000Z,63827,0,27792688396,1279996161441
BTC,crypto,2026-07-11T03:00:00Z,2026-07-11T02:55:10.921000Z,64112,0,25180967329,1285654957996
BTC,crypto,2026-07-11T09:00:00Z,2026-07-11T08:55:10.846000Z,64194,0,21597408982,1287251435366
BTC,crypto,2026-07-11T15:00:00Z,2026-07-11T14:55:10.774000Z,64328,0,17503939881,1289864579662
ETH,crypto,2026-06-27T21:00:00Z,2026-06-27T21:40:31.221000Z,1579.35,0,5295653170,190616656716
ETH,crypto,2026-06-28T03:00:00Z,2026-06-28T02:55:11.099000Z,1570.53,0,5343238824,189546582743
ETH,crypto,2026-06-28T09:00:00Z,2026-06-28T08:55:10.981000Z,1580.52,0,5762949903,190730955960
ETH,crypto,2026-06-28T15:00:00Z,2026-06-28T14:55:11.013000Z,1580.07,0,6552812939,190746569355
ETH,crypto,2026-06-28T21:00:00Z,2026-06-28T20:55:10.321000Z,1570.74,0,5182174482,189554437959
ETH,crypto,2026-06-29T03:00:00Z,2026-06-29T02:55:11.123000Z,1574.38,0,6355653288,190010140627
ETH,crypto,2026-06-29T09:00:00Z,2026-06-29T08:55:10.979000Z,1572.64,0,8049703406,189833242232
ETH,crypto,2026-06-29T15:00:00Z,2026-06-29T14:55:11.173000Z,1569.88,0,9876794994,189206154835
ETH,crypto,2026-06-29T21:00:00Z,2026-06-29T20:55:10.707000Z,1617.79,0,11526999235,195275012472
ETH,crypto,2026-06-30T03:00:00Z,2026-06-30T02:55:10.949000Z,1590.57,0,10893817563,191975331668
ETH,crypto,2026-06-30T09:00:00Z,2026-06-30T08:55:11.045000Z,1580.08,0,11331974379,190618555361
ETH,crypto,2026-06-30T15:00:00Z,2026-06-30T14:55:10.952000Z,1561.06,0,10128422066,188513284590
ETH,crypto,2026-06-30T21:00:00Z,2026-06-30T20:55:10.876000Z,1573.23,0,9321184264,189849313724
ETH,crypto,2026-07-01T03:00:00Z,2026-07-01T02:55:11.104000Z,1583.37,0,9009730327,191022500463
ETH,crypto,2026-07-01T09:00:00Z,2026-07-01T08:55:11.012000Z,1574.19,0,10133147347,189923202904
ETH,crypto,2026-07-01T15:00:00Z,2026-07-01T14:55:11.746000Z,1599.73,0,10508701474,193026658569
ETH,crypto,2026-07-01T21:00:00Z,2026-07-01T20:55:10.757000Z,1615.72,0,10561702993,194986109398
ETH,crypto,2026-07-02T03:00:00Z,2026-07-02T02:55:11.270000Z,1619.09,0,10452505034,195438518070
ETH,crypto,2026-07-02T09:00:00Z,2026-07-02T08:55:11.235000Z,1622.93,0,10426366999,195897476096
ETH,crypto,2026-07-02T15:00:00Z,2026-07-02T14:55:11.017000Z,1695.21,0,14173427449,204610916413
ETH,crypto,2026-07-02T21:00:00Z,2026-07-02T20:55:10.266000Z,1698.32,0,13924994140,205006219904
ETH,crypto,2026-07-03T03:00:00Z,2026-07-03T02:55:11.207000Z,1701.52,0,12602458383,205311668536
ETH,crypto,2026-07-03T09:00:00Z,2026-07-03T08:55:10.492000Z,1719.15,0,13365349277,207532253363
ETH,crypto,2026-07-03T15:00:00Z,2026-07-03T14:55:11.220000Z,1734.6,0,9647191218,209390203646
ETH,crypto,2026-07-03T21:00:00Z,2026-07-03T20:55:11.434000Z,1766.14,0,9592303813,213214517327
ETH,crypto,2026-07-04T03:00:00Z,2026-07-04T02:55:10.821000Z,1748.35,0,8405154336,211040283980
ETH,crypto,2026-07-04T09:00:00Z,2026-07-04T08:55:10.243000Z,1762.07,0,9170679126,212639281688
ETH,crypto,2026-07-04T15:00:00Z,2026-07-04T14:55:11.386000Z,1768.73,0,6790564252,213507454548
ETH,crypto,2026-07-04T21:00:00Z,2026-07-04T20:55:10.979000Z,1786.95,0,7492750600,215652649800
ETH,crypto,2026-07-05T03:00:00Z,2026-07-05T02:55:10.783000Z,1758.05,0,7381240409,212162463346
ETH,crypto,2026-07-05T09:00:00Z,2026-07-05T08:55:10.639000Z,1766.55,0,9507904342,213196029224
ETH,crypto,2026-07-05T15:00:00Z,2026-07-05T14:55:10.688000Z,1766.9,0,10896370720,213197927143
ETH,crypto,2026-07-05T21:00:00Z,2026-07-05T20:55:10.859000Z,1776.1,0,9804431439,214351018546
ETH,crypto,2026-07-06T03:00:00Z,2026-07-06T02:55:11.250000Z,1781.11,0,10756620747,214867474397
ETH,crypto,2026-07-06T09:00:00Z,2026-07-06T08:55:10.952000Z,1764.18,0,8732484067,212906824841
ETH,crypto,2026-07-06T15:00:00Z,2026-07-06T14:55:11.160000Z,1748.11,0,11542684819,210894974799
ETH,crypto,2026-07-06T21:00:00Z,2026-07-06T20:55:11.425000Z,1794.5,0,15536642664,216534625436
ETH,crypto,2026-07-07T03:00:00Z,2026-07-07T02:55:10.771000Z,1777.73,0,15521050011,214533548773
ETH,crypto,2026-07-07T09:00:00Z,2026-07-07T08:55:11.371000Z,1768.16,0,16699134382,213387714301
ETH,crypto,2026-07-07T15:00:00Z,2026-07-07T14:55:11.804000Z,1782.08,0,13256488072,214943902141
ETH,crypto,2026-07-07T21:00:00Z,2026-07-07T20:55:11.775000Z,1780.63,0,10681358535,214902476745
ETH,crypto,2026-07-08T03:00:00Z,2026-07-08T02:55:11.333000Z,1754.99,0,9506796818,211820910130
ETH,crypto,2026-07-08T09:00:00Z,2026-07-08T08:55:11.110000Z,1738.54,0,10515240451,209831185086
ETH,crypto,2026-07-08T15:00:00Z,2026-07-08T14:55:11.475000Z,1728.49,0,11129477265,208300440329
ETH,crypto,2026-07-08T21:00:00Z,2026-07-08T20:55:11.658000Z,1735.17,0,10936394538,209492102770
ETH,crypto,2026-07-09T03:00:00Z,2026-07-09T02:55:10.329000Z,1725.84,0,9962965738,208279656013
ETH,crypto,2026-07-09T09:00:00Z,2026-07-09T08:55:11.677000Z,1752.77,0,9471506236,211519911645
ETH,crypto,2026-07-09T15:00:00Z,2026-07-09T14:55:11.581000Z,1737.51,0,7626476956,209639384740
ETH,crypto,2026-07-09T21:00:00Z,2026-07-09T20:55:11.422000Z,1747.13,0,7514431100,210882878651
ETH,crypto,2026-07-10T03:00:00Z,2026-07-10T02:55:10.914000Z,1772.33,0,7249048368,213889002548
ETH,crypto,2026-07-10T09:00:00Z,2026-07-10T08:55:11.157000Z,1782.71,0,7562569217,215088415566
ETH,crypto,2026-07-10T15:00:00Z,2026-07-10T14:55:10.602000Z,1785.22,0,8288453163,215448491891
ETH,crypto,2026-07-10T21:00:00Z,2026-07-10T20:55:11.028000Z,1791.34,0,9103831806,216176299809
ETH,crypto,2026-07-11T03:00:00Z,2026-07-11T02:55:10.922000Z,1794.03,0,8310872657,216489739035
ETH,crypto,2026-07-11T09:00:00Z,2026-07-11T08:55:10.846000Z,1799.21,0,6790987056,217134469917
ETH,crypto,2026-07-11T15:00:00Z,2026-07-11T14:55:10.774000Z,1811.12,0,5674207373,218504559922
SOL,crypto,2026-06-27T21:00:00Z,2026-06-27T21:40:31.221000Z,71.38,0,1840315433,41450230065
SOL,crypto,2026-06-28T03:00:00Z,2026-06-28T02:55:11.099000Z,70.66,0,1769460301,41023691040
SOL,crypto,2026-06-28T09:00:00Z,2026-06-28T08:55:10.981000Z,71.87,0,1655738771,41742275213
SOL,crypto,2026-06-28T15:00:00Z,2026-06-28T14:55:11.013000Z,71.76,0,1729544870,41679010100
SOL,crypto,2026-06-28T21:00:00Z,2026-06-28T20:55:10.321000Z,70.7,0,1668555871,41051187688
SOL,crypto,2026-06-29T03:00:00Z,2026-06-29T02:55:11.123000Z,71.96,0,2024818965,41800749442
SOL,crypto,2026-06-29T09:00:00Z,2026-06-29T08:55:10.979000Z,72.79,0,2413296558,42275327841
SOL,crypto,2026-06-29T15:00:00Z,2026-06-29T14:55:11.173000Z,73.14,0,3471658466,42449320362
SOL,crypto,2026-06-29T21:00:00Z,2026-06-29T20:55:10.707000Z,75.29,0,4219312360,43734561903
SOL,crypto,2026-06-30T03:00:00Z,2026-06-30T02:55:10.949000Z,74.63,0,3984813407,43342216483
SOL,crypto,2026-06-30T09:00:00Z,2026-06-30T08:55:11.045000Z,73.33,0,3757555799,42585135929
SOL,crypto,2026-06-30T15:00:00Z,2026-06-30T14:55:10.952000Z,72.92,0,3235278865,42396477603
SOL,crypto,2026-06-30T21:00:00Z,2026-06-30T20:55:10.876000Z,73.59,0,2753301493,42747936154
SOL,crypto,2026-07-01T03:00:00Z,2026-07-01T02:55:11.104000Z,74.66,0,2795308734,43366952783
SOL,crypto,2026-07-01T09:00:00Z,2026-07-01T08:55:11.012000Z,74.69,0,3038717597,43384382023
SOL,crypto,2026-07-01T15:00:00Z,2026-07-01T14:55:11.746000Z,76.9,0,3266485159,44662479159
SOL,crypto,2026-07-01T21:00:00Z,2026-07-01T20:55:10.757000Z,77.28,0,3418785248,44890132671
SOL,crypto,2026-07-02T03:00:00Z,2026-07-02T02:55:11.270000Z,78.32,0,3555493031,45501916024
SOL,crypto,2026-07-02T09:00:00Z,2026-07-02T08:55:11.235000Z,78.32,0,3333144653,45504069467
SOL,crypto,2026-07-02T15:00:00Z,2026-07-02T14:55:11.017000Z,80.43,0,4257337363,46775748502
SOL,crypto,2026-07-02T21:00:00Z,2026-07-02T20:55:10.266000Z,80.83,0,4108692970,46961733928
SOL,crypto,2026-07-03T03:00:00Z,2026-07-03T02:55:11.207000Z,80.72,0,3777058924,46892790542
SOL,crypto,2026-07-03T09:00:00Z,2026-07-03T08:55:10.492000Z,80.95,0,3652093933,47041906320
SOL,crypto,2026-07-03T15:00:00Z,2026-07-03T14:55:11.220000Z,81.46,0,2185161482,47328178409
SOL,crypto,2026-07-03T21:00:00Z,2026-07-03T20:55:11.434000Z,82.69,0,2051332421,48042373244
SOL,crypto,2026-07-04T03:00:00Z,2026-07-04T02:55:10.821000Z,82.21,0,2001629150,47756782318
SOL,crypto,2026-07-04T09:00:00Z,2026-07-04T08:55:10.243000Z,82.38,0,2277626314,47871440776
SOL,crypto,2026-07-04T15:00:00Z,2026-07-04T14:55:11.386000Z,81.65,0,2157013495,47452165044
SOL,crypto,2026-07-04T21:00:00Z,2026-07-04T20:55:10.979000Z,81.94,0,2010464987,47618212618
SOL,crypto,2026-07-05T03:00:00Z,2026-07-05T02:55:10.783000Z,80.21,0,2080211805,46624589315
SOL,crypto,2026-07-05T09:00:00Z,2026-07-05T08:55:10.639000Z,80.47,0,1651259270,46765633204
SOL,crypto,2026-07-05T15:00:00Z,2026-07-05T14:55:10.688000Z,81.25,0,1705880870,47215241966
SOL,crypto,2026-07-05T21:00:00Z,2026-07-05T20:55:10.859000Z,80.95,0,1485376788,47039873560
SOL,crypto,2026-07-06T03:00:00Z,2026-07-06T02:55:11.250000Z,80.98,0,1646583611,47064176492
SOL,crypto,2026-07-06T09:00:00Z,2026-07-06T08:55:10.952000Z,80.37,0,1752585583,46702618821
SOL,crypto,2026-07-06T15:00:00Z,2026-07-06T14:55:11.160000Z,80.18,0,2079201254,46604495100
SOL,crypto,2026-07-06T21:00:00Z,2026-07-06T20:55:11.425000Z,81.99,0,2559497420,47638872920
SOL,crypto,2026-07-07T03:00:00Z,2026-07-07T02:55:10.771000Z,81.37,0,2582326670,47363807519
SOL,crypto,2026-07-07T09:00:00Z,2026-07-07T08:55:11.371000Z,81.34,0,2619075856,47336370858
SOL,crypto,2026-07-07T15:00:00Z,2026-07-07T14:55:11.804000Z,81.32,0,2496897266,47296411614
SOL,crypto,2026-07-07T21:00:00Z,2026-07-07T20:55:11.775000Z,81.01,0,2308206716,47126399540
SOL,crypto,2026-07-08T03:00:00Z,2026-07-08T02:55:11.333000Z,78.97,0,2313239718,45946712148
SOL,crypto,2026-07-08T09:00:00Z,2026-07-08T08:55:11.110000Z,77.44,0,2464534316,45031649961
SOL,crypto,2026-07-08T15:00:00Z,2026-07-08T14:55:11.475000Z,76.88,0,2543980824,44714796823
SOL,crypto,2026-07-08T21:00:00Z,2026-07-08T20:55:11.658000Z,77.09,0,2401495345,44861722108
SOL,crypto,2026-07-09T03:00:00Z,2026-07-09T02:55:10.329000Z,77.04,0,2186282904,44822195460
SOL,crypto,2026-07-09T09:00:00Z,2026-07-09T08:55:11.677000Z,78.08,0,1996056371,45432705576
SOL,crypto,2026-07-09T15:00:00Z,2026-07-09T14:55:11.581000Z,77.67,0,1791803000,45191646420
SOL,crypto,2026-07-09T21:00:00Z,2026-07-09T20:55:11.422000Z,78.1,0,1671065417,45443244494
SOL,crypto,2026-07-10T03:00:00Z,2026-07-10T02:55:10.914000Z,78.99,0,1623593550,45954224965
SOL,crypto,2026-07-10T09:00:00Z,2026-07-10T08:55:11.157000Z,79.27,0,1560005181,46124945894
SOL,crypto,2026-07-10T15:00:00Z,2026-07-10T14:55:10.602000Z,77.92,0,1778437264,45346315940
SOL,crypto,2026-07-10T21:00:00Z,2026-07-10T20:55:11.028000Z,77.82,0,1893109873,45286851419
SOL,crypto,2026-07-11T03:00:00Z,2026-07-11T02:55:10.922000Z,77.7,0,1856184102,45235155546
SOL,crypto,2026-07-11T09:00:00Z,2026-07-11T08:55:10.846000Z,78.02,0,1716462423,45416919496
SOL,crypto,2026-07-11T15:00:00Z,2026-07-11T14:55:10.774000Z,78.47,0,1259726825,45674790792
XRP,crypto,2026-06-27T21:00:00Z,2026-06-27T21:40:31.221000Z,1.054,0,1229426194,65632920901
XRP,crypto,2026-06-28T03:00:00Z,2026-06-28T02:55:11.099000Z,1.045,0,1165377990,65059695450
XRP,crypto,2026-06-28T09:00:00Z,2026-06-28T08:55:10.981000Z,1.054,0,1107094305,65615661263
XRP,crypto,2026-06-28T15:00:00Z,2026-06-28T14:55:11.013000Z,1.053,0,1091139087,65524084799
XRP,crypto,2026-06-28T21:00:00Z,2026-06-28T20:55:10.321000Z,1.045,0,1015687401,65052183534
XRP,crypto,2026-06-29T03:00:00Z,2026-06-29T02:55:11.123000Z,1.045,0,1197511423,65055247990
XRP,crypto,2026-06-29T09:00:00Z,2026-06-29T08:55:10.979000Z,1.044,0,1376822608,65009074764
XRP,crypto,2026-06-29T15:00:00Z,2026-06-29T14:55:11.173000Z,1.044,0,1713874386,64916363098
XRP,crypto,2026-06-29T21:00:00Z,2026-06-29T20:55:10.707000Z,1.064,0,1938086096,66205521556
XRP,crypto,2026-06-30T03:00:00Z,2026-06-30T02:55:10.949000Z,1.05,0,1743353870,65380065824
XRP,crypto,2026-06-30T09:00:00Z,2026-06-30T08:55:11.045000Z,1.042,0,1639959939,64857853468
XRP,crypto,2026-06-30T15:00:00Z,2026-06-30T14:55:10.952000Z,1.034,0,1508178246,64424491351
XRP,crypto,2026-06-30T21:00:00Z,2026-06-30T20:55:10.876000Z,1.042,0,1407345431,64838799788
XRP,crypto,2026-07-01T03:00:00Z,2026-07-01T02:55:11.104000Z,1.044,0,1521428667,64995063986
XRP,crypto,2026-07-01T09:00:00Z,2026-07-01T08:55:11.012000Z,1.041,0,1605490988,64801119834
XRP,crypto,2026-07-01T15:00:00Z,2026-07-01T14:55:11.746000Z,1.051,0,1611765095,65378708971
XRP,crypto,2026-07-01T21:00:00Z,2026-07-01T20:55:10.757000Z,1.058,0,1608332860,65821329907
XRP,crypto,2026-07-02T03:00:00Z,2026-07-02T02:55:11.270000Z,1.058,0,1579408234,65872703553
XRP,crypto,2026-07-02T09:00:00Z,2026-07-02T08:55:11.235000Z,1.063,0,1435793576,66139950514
XRP,crypto,2026-07-02T15:00:00Z,2026-07-02T14:55:11.017000Z,1.089,0,1893971879,67799896478
XRP,crypto,2026-07-02T21:00:00Z,2026-07-02T20:55:10.266000Z,1.082,0,1839974407,67329149335
XRP,crypto,2026-07-03T03:00:00Z,2026-07-03T02:55:11.207000Z,1.088,0,1742022614,67709694564
XRP,crypto,2026-07-03T09:00:00Z,2026-07-03T08:55:10.492000Z,1.1,0,1765739265,68499843759
XRP,crypto,2026-07-03T15:00:00Z,2026-07-03T14:55:11.220000Z,1.11,0,1361422602,69175145861
XRP,crypto,2026-07-03T21:00:00Z,2026-07-03T20:55:11.434000Z,1.14,0,1647935220,70855779108
XRP,crypto,2026-07-04T03:00:00Z,2026-07-04T02:55:10.821000Z,1.14,0,1738859533,70694038837
XRP,crypto,2026-07-04T09:00:00Z,2026-07-04T08:55:10.243000Z,1.14,0,1803387764,71122100263
XRP,crypto,2026-07-04T15:00:00Z,2026-07-04T14:55:11.386000Z,1.17,0,1929902535,72718779105
XRP,crypto,2026-07-04T21:00:00Z,2026-07-04T20:55:10.979000Z,1.16,0,1818438962,72292906844
XRP,crypto,2026-07-05T03:00:00Z,2026-07-05T02:55:10.783000Z,1.13,0,1806305332,70599782304
XRP,crypto,2026-07-05T09:00:00Z,2026-07-05T08:55:10.639000Z,1.14,0,1685431417,70868879761
XRP,crypto,2026-07-05T15:00:00Z,2026-07-05T14:55:10.688000Z,1.13,0,1441727093,70639010326
XRP,crypto,2026-07-05T21:00:00Z,2026-07-05T20:55:10.859000Z,1.13,0,1141191124,70640664015
XRP,crypto,2026-07-06T03:00:00Z,2026-07-06T02:55:11.250000Z,1.15,0,1224806632,71356475196
XRP,crypto,2026-07-06T09:00:00Z,2026-07-06T08:55:10.952000Z,1.14,0,1164979747,70972798929
XRP,crypto,2026-07-06T15:00:00Z,2026-07-06T14:55:11.160000Z,1.12,0,1464027483,69746195316
XRP,crypto,2026-07-06T21:00:00Z,2026-07-06T20:55:11.425000Z,1.14,0,1782245536,71183744391
XRP,crypto,2026-07-07T03:00:00Z,2026-07-07T02:55:10.771000Z,1.13,0,1695841060,70412803212
XRP,crypto,2026-07-07T09:00:00Z,2026-07-07T08:55:11.371000Z,1.12,0,1714596348,69949580748
XRP,crypto,2026-07-07T15:00:00Z,2026-07-07T14:55:11.804000Z,1.12,0,1692230258,69497040696
XRP,crypto,2026-07-07T21:00:00Z,2026-07-07T20:55:11.775000Z,1.12,0,1392247612,69527055539
XRP,crypto,2026-07-08T03:00:00Z,2026-07-08T02:55:11.333000Z,1.099,0,1430527262,68649747487
XRP,crypto,2026-07-08T09:00:00Z,2026-07-08T08:55:11.110000Z,1.082,0,1508965864,67605640355
XRP,crypto,2026-07-08T15:00:00Z,2026-07-08T14:55:11.475000Z,1.075,0,1672001438,67184238257
XRP,crypto,2026-07-08T21:00:00Z,2026-07-08T20:55:11.658000Z,1.089,0,1583740600,68026160345
XRP,crypto,2026-07-09T03:00:00Z,2026-07-09T02:55:10.329000Z,1.083,0,1412998031,67678133715
XRP,crypto,2026-07-09T09:00:00Z,2026-07-09T08:55:11.677000Z,1.096,0,1313857036,68454692073
XRP,crypto,2026-07-09T15:00:00Z,2026-07-09T14:55:11.581000Z,1.092,0,1013833379,68236694454
XRP,crypto,2026-07-09T21:00:00Z,2026-07-09T20:55:11.422000Z,1.096,0,903113851,68485499230
XRP,crypto,2026-07-10T03:00:00Z,2026-07-10T02:55:10.914000Z,1.11,0,899315799,69140763943
XRP,crypto,2026-07-10T09:00:00Z,2026-07-10T08:55:11.157000Z,1.11,0,893774977,69423881981
XRP,crypto,2026-07-10T15:00:00Z,2026-07-10T14:55:10.602000Z,1.1,0,968197398,68881692822
XRP,crypto,2026-07-10T21:00:00Z,2026-07-10T20:55:11.028000Z,1.1,0,1014591102,69007510935
XRP,crypto,2026-07-11T03:00:00Z,2026-07-11T02:55:10.922000Z,1.11,0,951899735,69054311681
XRP,crypto,2026-07-11T09:00:00Z,2026-07-11T08:55:10.846000Z,1.11,0,877602871,69170436300
XRP,crypto,2026-07-11T15:00:00Z,2026-07-11T14:55:10.774000Z,1.11,0,673582392,69493804229
BRL,fx,2026-06-27T21:00:00Z,2026-06-27T21:40:31.610000Z,5.1758,0,,
BRL,fx,2026-06-28T03:00:00Z,2026-06-28T02:55:11.324000Z,5.1761,0,,
BRL,fx,2026-06-28T09:00:00Z,2026-06-28T08:55:11.361000Z,5.1761,1,,
BRL,fx,2026-06-28T15:00:00Z,2026-06-28T14:55:11.246000Z,5.1761,1,,
BRL,fx,2026-06-28T21:00:00Z,2026-06-28T20:55:10.546000Z,5.1761,1,,
BRL,fx,2026-06-29T03:00:00Z,2026-06-29T02:55:11.372000Z,5.1732,0,,
BRL,fx,2026-06-29T09:00:00Z,2026-06-29T08:55:11.265000Z,5.1732,1,,
BRL,fx,2026-06-29T15:00:00Z,2026-06-29T14:55:11.394000Z,5.1732,1,,
BRL,fx,2026-06-29T21:00:00Z,2026-06-29T20:55:10.937000Z,5.1732,1,,
BRL,fx,2026-06-30T03:00:00Z,2026-06-30T02:55:11.330000Z,5.1714,0,,
BRL,fx,2026-06-30T09:00:00Z,2026-06-30T08:55:11.294000Z,5.1714,1,,
BRL,fx,2026-06-30T15:00:00Z,2026-06-30T14:55:11.351000Z,5.1714,1,,
BRL,fx,2026-06-30T21:00:00Z,2026-06-30T20:55:11.103000Z,5.1714,1,,
BRL,fx,2026-07-01T03:00:00Z,2026-07-01T02:55:11.349000Z,5.1756,0,,
BRL,fx,2026-07-01T09:00:00Z,2026-07-01T08:55:11.411000Z,5.1756,1,,
BRL,fx,2026-07-01T15:00:00Z,2026-07-01T14:55:11.995000Z,5.1756,1,,
BRL,fx,2026-07-01T21:00:00Z,2026-07-01T20:55:10.989000Z,5.1756,1,,
BRL,fx,2026-07-02T03:00:00Z,2026-07-02T02:55:11.514000Z,5.1748,0,,
BRL,fx,2026-07-02T09:00:00Z,2026-07-02T08:55:11.460000Z,5.1748,1,,
BRL,fx,2026-07-02T15:00:00Z,2026-07-02T14:55:11.275000Z,5.1748,1,,
BRL,fx,2026-07-02T21:00:00Z,2026-07-02T20:55:10.508000Z,5.1748,1,,
BRL,fx,2026-07-03T03:00:00Z,2026-07-03T02:55:11.428000Z,5.2028,0,,
BRL,fx,2026-07-03T09:00:00Z,2026-07-03T08:55:10.896000Z,5.2028,1,,
BRL,fx,2026-07-03T15:00:00Z,2026-07-03T14:55:11.435000Z,5.2028,1,,
BRL,fx,2026-07-03T21:00:00Z,2026-07-03T20:55:11.659000Z,5.2028,1,,
BRL,fx,2026-07-04T03:00:00Z,2026-07-04T02:55:11.251000Z,5.2012,0,,
BRL,fx,2026-07-04T09:00:00Z,2026-07-04T08:55:10.452000Z,5.2012,1,,
BRL,fx,2026-07-04T15:00:00Z,2026-07-04T14:55:11.781000Z,5.2012,1,,
BRL,fx,2026-07-04T21:00:00Z,2026-07-04T20:55:11.248000Z,5.2012,1,,
BRL,fx,2026-07-05T03:00:00Z,2026-07-05T02:55:11.008000Z,5.2002,0,,
BRL,fx,2026-07-05T09:00:00Z,2026-07-05T08:55:10.850000Z,5.2002,1,,
BRL,fx,2026-07-05T15:00:00Z,2026-07-05T14:55:11.111000Z,5.2002,1,,
BRL,fx,2026-07-05T21:00:00Z,2026-07-05T20:55:11.108000Z,5.2002,1,,
BRL,fx,2026-07-06T03:00:00Z,2026-07-06T02:55:11.485000Z,5.1784,0,,
BRL,fx,2026-07-06T09:00:00Z,2026-07-06T08:55:11.359000Z,5.1784,1,,
BRL,fx,2026-07-06T15:00:00Z,2026-07-06T14:55:11.414000Z,5.1784,1,,
BRL,fx,2026-07-06T21:00:00Z,2026-07-06T20:55:11.657000Z,5.1784,1,,
BRL,fx,2026-07-07T03:00:00Z,2026-07-07T02:55:11.020000Z,5.1671,0,,
BRL,fx,2026-07-07T09:00:00Z,2026-07-07T08:55:11.600000Z,5.1671,1,,
BRL,fx,2026-07-07T15:00:00Z,2026-07-07T14:55:12.195000Z,5.1671,1,,
BRL,fx,2026-07-07T21:00:00Z,2026-07-07T20:55:12.024000Z,5.1671,1,,
BRL,fx,2026-07-08T03:00:00Z,2026-07-08T02:55:11.713000Z,5.1393,0,,
BRL,fx,2026-07-08T09:00:00Z,2026-07-08T08:55:11.340000Z,5.1393,1,,
BRL,fx,2026-07-08T15:00:00Z,2026-07-08T14:55:11.912000Z,5.1393,1,,
BRL,fx,2026-07-08T21:00:00Z,2026-07-08T20:55:11.921000Z,5.1393,1,,
BRL,fx,2026-07-09T03:00:00Z,2026-07-09T02:55:10.572000Z,5.1562,0,,
BRL,fx,2026-07-09T09:00:00Z,2026-07-09T08:55:11.905000Z,5.1562,1,,
BRL,fx,2026-07-09T15:00:00Z,2026-07-09T14:55:11.811000Z,5.1562,1,,
BRL,fx,2026-07-09T21:00:00Z,2026-07-09T20:55:11.668000Z,5.1562,1,,
BRL,fx,2026-07-10T03:00:00Z,2026-07-10T02:55:11.317000Z,5.1402,0,,
BRL,fx,2026-07-10T09:00:00Z,2026-07-10T08:55:11.387000Z,5.1402,1,,
BRL,fx,2026-07-10T15:00:00Z,2026-07-10T14:55:10.832000Z,5.1402,1,,
BRL,fx,2026-07-10T21:00:00Z,2026-07-10T20:55:11.288000Z,5.1402,1,,
BRL,fx,2026-07-11T03:00:00Z,2026-07-11T02:55:11.148000Z,5.1146,0,,
BRL,fx,2026-07-11T09:00:00Z,2026-07-11T08:55:11.092000Z,5.1146,1,,
BRL,fx,2026-07-11T15:00:00Z,2026-07-11T14:55:10.999000Z,5.1146,1,,
CAD,fx,2026-06-27T21:00:00Z,2026-06-27T21:40:31.610000Z,1.4189,0,,
CAD,fx,2026-06-28T03:00:00Z,2026-06-28T02:55:11.324000Z,1.4187,0,,
CAD,fx,2026-06-28T09:00:00Z,2026-06-28T08:55:11.361000Z,1.4187,1,,
CAD,fx,2026-06-28T15:00:00Z,2026-06-28T14:55:11.246000Z,1.4187,1,,
CAD,fx,2026-06-28T21:00:00Z,2026-06-28T20:55:10.546000Z,1.4187,1,,
CAD,fx,2026-06-29T03:00:00Z,2026-06-29T02:55:11.372000Z,1.4189,0,,
CAD,fx,2026-06-29T09:00:00Z,2026-06-29T08:55:11.265000Z,1.4189,1,,
CAD,fx,2026-06-29T15:00:00Z,2026-06-29T14:55:11.394000Z,1.4189,1,,
CAD,fx,2026-06-29T21:00:00Z,2026-06-29T20:55:10.937000Z,1.4189,1,,
CAD,fx,2026-06-30T03:00:00Z,2026-06-30T02:55:11.330000Z,1.4204,0,,
CAD,fx,2026-06-30T09:00:00Z,2026-06-30T08:55:11.294000Z,1.4204,1,,
CAD,fx,2026-06-30T15:00:00Z,2026-06-30T14:55:11.351000Z,1.4204,1,,
CAD,fx,2026-06-30T21:00:00Z,2026-06-30T20:55:11.103000Z,1.4204,1,,
CAD,fx,2026-07-01T03:00:00Z,2026-07-01T02:55:11.349000Z,1.4208,0,,
CAD,fx,2026-07-01T09:00:00Z,2026-07-01T08:55:11.411000Z,1.4208,1,,
CAD,fx,2026-07-01T15:00:00Z,2026-07-01T14:55:11.995000Z,1.4208,1,,
CAD,fx,2026-07-01T21:00:00Z,2026-07-01T20:55:10.989000Z,1.4208,1,,
CAD,fx,2026-07-02T03:00:00Z,2026-07-02T02:55:11.514000Z,1.4214,0,,
CAD,fx,2026-07-02T09:00:00Z,2026-07-02T08:55:11.460000Z,1.4214,1,,
CAD,fx,2026-07-02T15:00:00Z,2026-07-02T14:55:11.275000Z,1.4214,1,,
CAD,fx,2026-07-02T21:00:00Z,2026-07-02T20:55:10.508000Z,1.4214,1,,
CAD,fx,2026-07-03T03:00:00Z,2026-07-03T02:55:11.428000Z,1.4188,0,,
CAD,fx,2026-07-03T09:00:00Z,2026-07-03T08:55:10.896000Z,1.4188,1,,
CAD,fx,2026-07-03T15:00:00Z,2026-07-03T14:55:11.435000Z,1.4188,1,,
CAD,fx,2026-07-03T21:00:00Z,2026-07-03T20:55:11.659000Z,1.4188,1,,
CAD,fx,2026-07-04T03:00:00Z,2026-07-04T02:55:11.251000Z,1.4197,0,,
CAD,fx,2026-07-04T09:00:00Z,2026-07-04T08:55:10.452000Z,1.4197,1,,
CAD,fx,2026-07-04T15:00:00Z,2026-07-04T14:55:11.781000Z,1.4197,1,,
CAD,fx,2026-07-04T21:00:00Z,2026-07-04T20:55:11.248000Z,1.4197,1,,
CAD,fx,2026-07-05T03:00:00Z,2026-07-05T02:55:11.008000Z,1.4196,0,,
CAD,fx,2026-07-05T09:00:00Z,2026-07-05T08:55:10.850000Z,1.4196,1,,
CAD,fx,2026-07-05T15:00:00Z,2026-07-05T14:55:11.111000Z,1.4196,1,,
CAD,fx,2026-07-05T21:00:00Z,2026-07-05T20:55:11.108000Z,1.4196,1,,
CAD,fx,2026-07-06T03:00:00Z,2026-07-06T02:55:11.485000Z,1.4203,0,,
CAD,fx,2026-07-06T09:00:00Z,2026-07-06T08:55:11.359000Z,1.4203,1,,
CAD,fx,2026-07-06T15:00:00Z,2026-07-06T14:55:11.414000Z,1.4203,1,,
CAD,fx,2026-07-06T21:00:00Z,2026-07-06T20:55:11.657000Z,1.4203,1,,
CAD,fx,2026-07-07T03:00:00Z,2026-07-07T02:55:11.020000Z,1.4212,0,,
CAD,fx,2026-07-07T09:00:00Z,2026-07-07T08:55:11.600000Z,1.4212,1,,
CAD,fx,2026-07-07T15:00:00Z,2026-07-07T14:55:12.195000Z,1.4212,1,,
CAD,fx,2026-07-07T21:00:00Z,2026-07-07T20:55:12.024000Z,1.4212,1,,
CAD,fx,2026-07-08T03:00:00Z,2026-07-08T02:55:11.713000Z,1.4204,0,,
CAD,fx,2026-07-08T09:00:00Z,2026-07-08T08:55:11.340000Z,1.4204,1,,
CAD,fx,2026-07-08T15:00:00Z,2026-07-08T14:55:11.912000Z,1.4204,1,,
CAD,fx,2026-07-08T21:00:00Z,2026-07-08T20:55:11.921000Z,1.4204,1,,
CAD,fx,2026-07-09T03:00:00Z,2026-07-09T02:55:10.572000Z,1.4173,0,,
CAD,fx,2026-07-09T09:00:00Z,2026-07-09T08:55:11.905000Z,1.4173,1,,
CAD,fx,2026-07-09T15:00:00Z,2026-07-09T14:55:11.811000Z,1.4173,1,,
CAD,fx,2026-07-09T21:00:00Z,2026-07-09T20:55:11.668000Z,1.4173,1,,
CAD,fx,2026-07-10T03:00:00Z,2026-07-10T02:55:11.317000Z,1.4172,0,,
CAD,fx,2026-07-10T09:00:00Z,2026-07-10T08:55:11.387000Z,1.4172,1,,
CAD,fx,2026-07-10T15:00:00Z,2026-07-10T14:55:10.832000Z,1.4172,1,,
CAD,fx,2026-07-10T21:00:00Z,2026-07-10T20:55:11.288000Z,1.4172,1,,
CAD,fx,2026-07-11T03:00:00Z,2026-07-11T02:55:11.148000Z,1.4153,0,,
CAD,fx,2026-07-11T09:00:00Z,2026-07-11T08:55:11.092000Z,1.4153,1,,
CAD,fx,2026-07-11T15:00:00Z,2026-07-11T14:55:10.999000Z,1.4153,1,,
CHF,fx,2026-06-27T21:00:00Z,2026-06-27T21:40:31.610000Z,0.8094,0,,
CHF,fx,2026-06-28T03:00:00Z,2026-06-28T02:55:11.324000Z,0.8095,0,,
CHF,fx,2026-06-28T09:00:00Z,2026-06-28T08:55:11.361000Z,0.8095,1,,
CHF,fx,2026-06-28T15:00:00Z,2026-06-28T14:55:11.246000Z,0.8095,1,,
CHF,fx,2026-06-28T21:00:00Z,2026-06-28T20:55:10.546000Z,0.8095,1,,
CHF,fx,2026-06-29T03:00:00Z,2026-06-29T02:55:11.372000Z,0.8099,0,,
CHF,fx,2026-06-29T09:00:00Z,2026-06-29T08:55:11.265000Z,0.8099,1,,
CHF,fx,2026-06-29T15:00:00Z,2026-06-29T14:55:11.394000Z,0.8099,1,,
CHF,fx,2026-06-29T21:00:00Z,2026-06-29T20:55:10.937000Z,0.8099,1,,
CHF,fx,2026-06-30T03:00:00Z,2026-06-30T02:55:11.330000Z,0.8081,0,,
CHF,fx,2026-06-30T09:00:00Z,2026-06-30T08:55:11.294000Z,0.8081,1,,
CHF,fx,2026-06-30T15:00:00Z,2026-06-30T14:55:11.351000Z,0.8081,1,,
CHF,fx,2026-06-30T21:00:00Z,2026-06-30T20:55:11.103000Z,0.8081,1,,
CHF,fx,2026-07-01T03:00:00Z,2026-07-01T02:55:11.349000Z,0.8086,0,,
CHF,fx,2026-07-01T09:00:00Z,2026-07-01T08:55:11.411000Z,0.8086,1,,
CHF,fx,2026-07-01T15:00:00Z,2026-07-01T14:55:11.995000Z,0.8086,1,,
CHF,fx,2026-07-01T21:00:00Z,2026-07-01T20:55:10.989000Z,0.8086,1,,
CHF,fx,2026-07-02T03:00:00Z,2026-07-02T02:55:11.514000Z,0.8096,0,,
CHF,fx,2026-07-02T09:00:00Z,2026-07-02T08:55:11.460000Z,0.8096,1,,
CHF,fx,2026-07-02T15:00:00Z,2026-07-02T14:55:11.275000Z,0.8096,1,,
CHF,fx,2026-07-02T21:00:00Z,2026-07-02T20:55:10.508000Z,0.8096,1,,
CHF,fx,2026-07-03T03:00:00Z,2026-07-03T02:55:11.428000Z,0.8044,0,,
CHF,fx,2026-07-03T09:00:00Z,2026-07-03T08:55:10.896000Z,0.8044,1,,
CHF,fx,2026-07-03T15:00:00Z,2026-07-03T14:55:11.435000Z,0.8044,1,,
CHF,fx,2026-07-03T21:00:00Z,2026-07-03T20:55:11.659000Z,0.8044,1,,
CHF,fx,2026-07-04T03:00:00Z,2026-07-04T02:55:11.251000Z,0.8035,0,,
CHF,fx,2026-07-04T09:00:00Z,2026-07-04T08:55:10.452000Z,0.8035,1,,
CHF,fx,2026-07-04T15:00:00Z,2026-07-04T14:55:11.781000Z,0.8035,1,,
CHF,fx,2026-07-04T21:00:00Z,2026-07-04T20:55:11.248000Z,0.8035,1,,
CHF,fx,2026-07-05T03:00:00Z,2026-07-05T02:55:11.008000Z,0.8036,0,,
CHF,fx,2026-07-05T09:00:00Z,2026-07-05T08:55:10.850000Z,0.8036,1,,
CHF,fx,2026-07-05T15:00:00Z,2026-07-05T14:55:11.111000Z,0.8036,1,,
CHF,fx,2026-07-05T21:00:00Z,2026-07-05T20:55:11.108000Z,0.8036,1,,
CHF,fx,2026-07-06T03:00:00Z,2026-07-06T02:55:11.485000Z,0.8037,0,,
CHF,fx,2026-07-06T09:00:00Z,2026-07-06T08:55:11.359000Z,0.8037,1,,
CHF,fx,2026-07-06T15:00:00Z,2026-07-06T14:55:11.414000Z,0.8037,1,,
CHF,fx,2026-07-06T21:00:00Z,2026-07-06T20:55:11.657000Z,0.8037,1,,
CHF,fx,2026-07-07T03:00:00Z,2026-07-07T02:55:11.020000Z,0.8056,0,,
CHF,fx,2026-07-07T09:00:00Z,2026-07-07T08:55:11.600000Z,0.8056,1,,
CHF,fx,2026-07-07T15:00:00Z,2026-07-07T14:55:12.195000Z,0.8056,1,,
CHF,fx,2026-07-07T21:00:00Z,2026-07-07T20:55:12.024000Z,0.8056,1,,
CHF,fx,2026-07-08T03:00:00Z,2026-07-08T02:55:11.713000Z,0.8077,0,,
CHF,fx,2026-07-08T09:00:00Z,2026-07-08T08:55:11.340000Z,0.8077,1,,
CHF,fx,2026-07-08T15:00:00Z,2026-07-08T14:55:11.912000Z,0.8077,1,,
CHF,fx,2026-07-08T21:00:00Z,2026-07-08T20:55:11.921000Z,0.8077,1,,
CHF,fx,2026-07-09T03:00:00Z,2026-07-09T02:55:10.572000Z,0.8086,0,,
CHF,fx,2026-07-09T09:00:00Z,2026-07-09T08:55:11.905000Z,0.8086,1,,
CHF,fx,2026-07-09T15:00:00Z,2026-07-09T14:55:11.811000Z,0.8086,1,,
CHF,fx,2026-07-09T21:00:00Z,2026-07-09T20:55:11.668000Z,0.8086,1,,
CHF,fx,2026-07-10T03:00:00Z,2026-07-10T02:55:11.317000Z,0.807,0,,
CHF,fx,2026-07-10T09:00:00Z,2026-07-10T08:55:11.387000Z,0.807,1,,
CHF,fx,2026-07-10T15:00:00Z,2026-07-10T14:55:10.832000Z,0.807,1,,
CHF,fx,2026-07-10T21:00:00Z,2026-07-10T20:55:11.288000Z,0.807,1,,
CHF,fx,2026-07-11T03:00:00Z,2026-07-11T02:55:11.148000Z,0.8079,0,,
CHF,fx,2026-07-11T09:00:00Z,2026-07-11T08:55:11.092000Z,0.8079,1,,
CHF,fx,2026-07-11T15:00:00Z,2026-07-11T14:55:10.999000Z,0.8079,1,,
EUR,fx,2026-06-27T21:00:00Z,2026-06-27T21:40:31.610000Z,1.139211666,0,,
EUR,fx,2026-06-28T03:00:00Z,2026-06-28T02:55:11.324000Z,1.138952164,0,,
EUR,fx,2026-06-28T09:00:00Z,2026-06-28T08:55:11.361000Z,1.138952164,1,,
EUR,fx,2026-06-28T15:00:00Z,2026-06-28T14:55:11.246000Z,1.138952164,1,,
EUR,fx,2026-06-28T21:00:00Z,2026-06-28T20:55:10.546000Z,1.138952164,1,,
EUR,fx,2026-06-29T03:00:00Z,2026-06-29T02:55:11.372000Z,1.138692781,0,,
EUR,fx,2026-06-29T09:00:00Z,2026-06-29T08:55:11.265000Z,1.138692781,1,,
EUR,fx,2026-06-29T15:00:00Z,2026-06-29T14:55:11.394000Z,1.138692781,1,,
EUR,fx,2026-06-29T21:00:00Z,2026-06-29T20:55:10.937000Z,1.138692781,1,,
EUR,fx,2026-06-30T03:00:00Z,2026-06-30T02:55:11.330000Z,1.141552511,0,,
EUR,fx,2026-06-30T09:00:00Z,2026-06-30T08:55:11.294000Z,1.141552511,1,,
EUR,fx,2026-06-30T15:00:00Z,2026-06-30T14:55:11.351000Z,1.141552511,1,,
EUR,fx,2026-06-30T21:00:00Z,2026-06-30T20:55:11.103000Z,1.141552511,1,,
EUR,fx,2026-07-01T03:00:00Z,2026-07-01T02:55:11.349000Z,1.140771161,0,,
EUR,fx,2026-07-01T09:00:00Z,2026-07-01T08:55:11.411000Z,1.140771161,1,,
EUR,fx,2026-07-01T15:00:00Z,2026-07-01T14:55:11.995000Z,1.140771161,1,,
EUR,fx,2026-07-01T21:00:00Z,2026-07-01T20:55:10.989000Z,1.140771161,1,,
EUR,fx,2026-07-02T03:00:00Z,2026-07-02T02:55:11.514000Z,1.138563133,0,,
EUR,fx,2026-07-02T09:00:00Z,2026-07-02T08:55:11.460000Z,1.138563133,1,,
EUR,fx,2026-07-02T15:00:00Z,2026-07-02T14:55:11.275000Z,1.138563133,1,,
EUR,fx,2026-07-02T21:00:00Z,2026-07-02T20:55:10.508000Z,1.138563133,1,,
EUR,fx,2026-07-03T03:00:00Z,2026-07-03T02:55:11.428000Z,1.142334933,0,,
EUR,fx,2026-07-03T09:00:00Z,2026-07-03T08:55:10.896000Z,1.142334933,1,,
EUR,fx,2026-07-03T15:00:00Z,2026-07-03T14:55:11.435000Z,1.142334933,1,,
EUR,fx,2026-07-03T21:00:00Z,2026-07-03T20:55:11.659000Z,1.142334933,1,,
EUR,fx,2026-07-04T03:00:00Z,2026-07-04T02:55:11.251000Z,1.143772161,0,,
EUR,fx,2026-07-04T09:00:00Z,2026-07-04T08:55:10.452000Z,1.143772161,1,,
EUR,fx,2026-07-04T15:00:00Z,2026-07-04T14:55:11.781000Z,1.143772161,1,,
EUR,fx,2026-07-04T21:00:00Z,2026-07-04T20:55:11.248000Z,1.143772161,1,,
EUR,fx,2026-07-05T03:00:00Z,2026-07-05T02:55:11.008000Z,1.143772161,0,,
EUR,fx,2026-07-05T09:00:00Z,2026-07-05T08:55:10.850000Z,1.143772161,1,,
EUR,fx,2026-07-05T15:00:00Z,2026-07-05T14:55:11.111000Z,1.143772161,1,,
EUR,fx,2026-07-05T21:00:00Z,2026-07-05T20:55:11.108000Z,1.143772161,1,,
EUR,fx,2026-07-06T03:00:00Z,2026-07-06T02:55:11.485000Z,1.143772161,0,,
EUR,fx,2026-07-06T09:00:00Z,2026-07-06T08:55:11.359000Z,1.143772161,1,,
EUR,fx,2026-07-06T15:00:00Z,2026-07-06T14:55:11.414000Z,1.143772161,1,,
EUR,fx,2026-07-06T21:00:00Z,2026-07-06T20:55:11.657000Z,1.143772161,1,,
EUR,fx,2026-07-07T03:00:00Z,2026-07-07T02:55:11.020000Z,1.143379831,0,,
EUR,fx,2026-07-07T09:00:00Z,2026-07-07T08:55:11.600000Z,1.143379831,1,,
EUR,fx,2026-07-07T15:00:00Z,2026-07-07T14:55:12.195000Z,1.143379831,1,,
EUR,fx,2026-07-07T21:00:00Z,2026-07-07T20:55:12.024000Z,1.143379831,1,,
EUR,fx,2026-07-08T03:00:00Z,2026-07-08T02:55:11.713000Z,1.141813199,0,,
EUR,fx,2026-07-08T09:00:00Z,2026-07-08T08:55:11.340000Z,1.141813199,1,,
EUR,fx,2026-07-08T15:00:00Z,2026-07-08T14:55:11.912000Z,1.141813199,1,,
EUR,fx,2026-07-08T21:00:00Z,2026-07-08T20:55:11.921000Z,1.141813199,1,,
EUR,fx,2026-07-09T03:00:00Z,2026-07-09T02:55:10.572000Z,1.141291942,0,,
EUR,fx,2026-07-09T09:00:00Z,2026-07-09T08:55:11.905000Z,1.141291942,1,,
EUR,fx,2026-07-09T15:00:00Z,2026-07-09T14:55:11.811000Z,1.141291942,1,,
EUR,fx,2026-07-09T21:00:00Z,2026-07-09T20:55:11.668000Z,1.141291942,1,,
EUR,fx,2026-07-10T03:00:00Z,2026-07-10T02:55:11.317000Z,1.143118427,0,,
EUR,fx,2026-07-10T09:00:00Z,2026-07-10T08:55:11.387000Z,1.143118427,1,,
EUR,fx,2026-07-10T15:00:00Z,2026-07-10T14:55:10.832000Z,1.143118427,1,,
EUR,fx,2026-07-10T21:00:00Z,2026-07-10T20:55:11.288000Z,1.143118427,1,,
EUR,fx,2026-07-11T03:00:00Z,2026-07-11T02:55:11.148000Z,1.142074006,0,,
EUR,fx,2026-07-11T09:00:00Z,2026-07-11T08:55:11.092000Z,1.142074006,1,,
EUR,fx,2026-07-11T15:00:00Z,2026-07-11T14:55:10.999000Z,1.142074006,1,,
GBP,fx,2026-06-27T21:00:00Z,2026-06-27T21:40:31.610000Z,1.320480655,0,,
GBP,fx,2026-06-28T03:00:00Z,2026-06-28T02:55:11.324000Z,1.320306311,0,,
GBP,fx,2026-06-28T09:00:00Z,2026-06-28T08:55:11.361000Z,1.320306311,1,,
GBP,fx,2026-06-28T15:00:00Z,2026-06-28T14:55:11.246000Z,1.320306311,1,,
GBP,fx,2026-06-28T21:00:00Z,2026-06-28T20:55:10.546000Z,1.320306311,1,,
GBP,fx,2026-06-29T03:00:00Z,2026-06-29T02:55:11.372000Z,1.319783555,0,,
GBP,fx,2026-06-29T09:00:00Z,2026-06-29T08:55:11.265000Z,1.319783555,1,,
GBP,fx,2026-06-29T15:00:00Z,2026-06-29T14:55:11.394000Z,1.319783555,1,,
GBP,fx,2026-06-29T21:00:00Z,2026-06-29T20:55:10.937000Z,1.319783555,1,,
GBP,fx,2026-06-30T03:00:00Z,2026-06-30T02:55:11.330000Z,1.324327904,0,,
GBP,fx,2026-06-30T09:00:00Z,2026-06-30T08:55:11.294000Z,1.324327904,1,,
GBP,fx,2026-06-30T15:00:00Z,2026-06-30T14:55:11.351000Z,1.324327904,1,,
GBP,fx,2026-06-30T21:00:00Z,2026-06-30T20:55:11.103000Z,1.324327904,1,,
GBP,fx,2026-07-01T03:00:00Z,2026-07-01T02:55:11.349000Z,1.324678765,0,,
GBP,fx,2026-07-01T09:00:00Z,2026-07-01T08:55:11.411000Z,1.324678765,1,,
GBP,fx,2026-07-01T15:00:00Z,2026-07-01T14:55:11.995000Z,1.324678765,1,,
GBP,fx,2026-07-01T21:00:00Z,2026-07-01T20:55:10.989000Z,1.324678765,1,,
GBP,fx,2026-07-02T03:00:00Z,2026-07-02T02:55:11.514000Z,1.326787847,0,,
GBP,fx,2026-07-02T09:00:00Z,2026-07-02T08:55:11.460000Z,1.326787847,1,,
GBP,fx,2026-07-02T15:00:00Z,2026-07-02T14:55:11.275000Z,1.326787847,1,,
GBP,fx,2026-07-02T21:00:00Z,2026-07-02T20:55:10.508000Z,1.326787847,1,,
GBP,fx,2026-07-03T03:00:00Z,2026-07-03T02:55:11.428000Z,1.333688984,0,,
GBP,fx,2026-07-03T09:00:00Z,2026-07-03T08:55:10.896000Z,1.333688984,1,,
GBP,fx,2026-07-03T15:00:00Z,2026-07-03T14:55:11.435000Z,1.333688984,1,,
GBP,fx,2026-07-03T21:00:00Z,2026-07-03T20:55:11.659000Z,1.333688984,1,,
GBP,fx,2026-07-04T03:00:00Z,2026-07-04T02:55:11.251000Z,1.335113485,0,,
GBP,fx,2026-07-04T09:00:00Z,2026-07-04T08:55:10.452000Z,1.335113485,1,,
GBP,fx,2026-07-04T15:00:00Z,2026-07-04T14:55:11.781000Z,1.335113485,1,,
GBP,fx,2026-07-04T21:00:00Z,2026-07-04T20:55:11.248000Z,1.335113485,1,,
GBP,fx,2026-07-05T03:00:00Z,2026-07-05T02:55:11.008000Z,1.335113485,0,,
GBP,fx,2026-07-05T09:00:00Z,2026-07-05T08:55:10.850000Z,1.335113485,1,,
GBP,fx,2026-07-05T15:00:00Z,2026-07-05T14:55:11.111000Z,1.335113485,1,,
GBP,fx,2026-07-05T21:00:00Z,2026-07-05T20:55:11.108000Z,1.335113485,1,,
GBP,fx,2026-07-06T03:00:00Z,2026-07-06T02:55:11.485000Z,1.334935256,0,,
GBP,fx,2026-07-06T09:00:00Z,2026-07-06T08:55:11.359000Z,1.334935256,1,,
GBP,fx,2026-07-06T15:00:00Z,2026-07-06T14:55:11.414000Z,1.334935256,1,,
GBP,fx,2026-07-06T21:00:00Z,2026-07-06T20:55:11.657000Z,1.334935256,1,,
GBP,fx,2026-07-07T03:00:00Z,2026-07-07T02:55:11.020000Z,1.336898396,0,,
GBP,fx,2026-07-07T09:00:00Z,2026-07-07T08:55:11.600000Z,1.336898396,1,,
GBP,fx,2026-07-07T15:00:00Z,2026-07-07T14:55:12.195000Z,1.336898396,1,,
GBP,fx,2026-07-07T21:00:00Z,2026-07-07T20:55:12.024000Z,1.336898396,1,,
GBP,fx,2026-07-08T03:00:00Z,2026-07-08T02:55:11.713000Z,1.336362421,0,,
GBP,fx,2026-07-08T09:00:00Z,2026-07-08T08:55:11.340000Z,1.336362421,1,,
GBP,fx,2026-07-08T15:00:00Z,2026-07-08T14:55:11.912000Z,1.336362421,1,,
GBP,fx,2026-07-08T21:00:00Z,2026-07-08T20:55:11.921000Z,1.336362421,1,,
GBP,fx,2026-07-09T03:00:00Z,2026-07-09T02:55:10.572000Z,1.3374348,0,,
GBP,fx,2026-07-09T09:00:00Z,2026-07-09T08:55:11.905000Z,1.3374348,1,,
GBP,fx,2026-07-09T15:00:00Z,2026-07-09T14:55:11.811000Z,1.3374348,1,,
GBP,fx,2026-07-09T21:00:00Z,2026-07-09T20:55:11.668000Z,1.3374348,1,,
GBP,fx,2026-07-10T03:00:00Z,2026-07-10T02:55:11.317000Z,1.340482574,0,,
GBP,fx,2026-07-10T09:00:00Z,2026-07-10T08:55:11.387000Z,1.340482574,1,,
GBP,fx,2026-07-10T15:00:00Z,2026-07-10T14:55:10.832000Z,1.340482574,1,,
GBP,fx,2026-07-10T21:00:00Z,2026-07-10T20:55:11.288000Z,1.340482574,1,,
GBP,fx,2026-07-11T03:00:00Z,2026-07-11T02:55:11.148000Z,1.340482574,0,,
GBP,fx,2026-07-11T09:00:00Z,2026-07-11T08:55:11.092000Z,1.340482574,1,,
GBP,fx,2026-07-11T15:00:00Z,2026-07-11T14:55:10.999000Z,1.340482574,1,,
JPY,fx,2026-06-27T21:00:00Z,2026-06-27T21:40:31.610000Z,161.7164,0,,
JPY,fx,2026-06-28T03:00:00Z,2026-06-28T02:55:11.324000Z,161.7085,0,,
JPY,fx,2026-06-28T09:00:00Z,2026-06-28T08:55:11.361000Z,161.7085,1,,
JPY,fx,2026-06-28T15:00:00Z,2026-06-28T14:55:11.246000Z,161.7085,1,,
JPY,fx,2026-06-28T21:00:00Z,2026-06-28T20:55:10.546000Z,161.7085,1,,
JPY,fx,2026-06-29T03:00:00Z,2026-06-29T02:55:11.372000Z,161.7669,0,,
JPY,fx,2026-06-29T09:00:00Z,2026-06-29T08:55:11.265000Z,161.7669,1,,
JPY,fx,2026-06-29T15:00:00Z,2026-06-29T14:55:11.394000Z,161.7669,1,,
JPY,fx,2026-06-29T21:00:00Z,2026-06-29T20:55:10.937000Z,161.7669,1,,
JPY,fx,2026-06-30T03:00:00Z,2026-06-30T02:55:11.330000Z,161.8905,0,,
JPY,fx,2026-06-30T09:00:00Z,2026-06-30T08:55:11.294000Z,161.8905,1,,
JPY,fx,2026-06-30T15:00:00Z,2026-06-30T14:55:11.351000Z,161.8905,1,,
JPY,fx,2026-06-30T21:00:00Z,2026-06-30T20:55:11.103000Z,161.8905,1,,
JPY,fx,2026-07-01T03:00:00Z,2026-07-01T02:55:11.349000Z,162.4997,0,,
JPY,fx,2026-07-01T09:00:00Z,2026-07-01T08:55:11.411000Z,162.4997,1,,
JPY,fx,2026-07-01T15:00:00Z,2026-07-01T14:55:11.995000Z,162.4997,1,,
JPY,fx,2026-07-01T21:00:00Z,2026-07-01T20:55:10.989000Z,162.4997,1,,
JPY,fx,2026-07-02T03:00:00Z,2026-07-02T02:55:11.514000Z,162.5478,0,,
JPY,fx,2026-07-02T09:00:00Z,2026-07-02T08:55:11.460000Z,162.5478,1,,
JPY,fx,2026-07-02T15:00:00Z,2026-07-02T14:55:11.275000Z,162.5478,1,,
JPY,fx,2026-07-02T21:00:00Z,2026-07-02T20:55:10.508000Z,162.5478,1,,
JPY,fx,2026-07-03T03:00:00Z,2026-07-03T02:55:11.428000Z,161.3337,0,,
JPY,fx,2026-07-03T09:00:00Z,2026-07-03T08:55:10.896000Z,161.3337,1,,
JPY,fx,2026-07-03T15:00:00Z,2026-07-03T14:55:11.435000Z,161.3337,1,,
JPY,fx,2026-07-03T21:00:00Z,2026-07-03T20:55:11.659000Z,161.3337,1,,
JPY,fx,2026-07-04T03:00:00Z,2026-07-04T02:55:11.251000Z,161.2967,0,,
JPY,fx,2026-07-04T09:00:00Z,2026-07-04T08:55:10.452000Z,161.2967,1,,
JPY,fx,2026-07-04T15:00:00Z,2026-07-04T14:55:11.781000Z,161.2967,1,,
JPY,fx,2026-07-04T21:00:00Z,2026-07-04T20:55:11.248000Z,161.2967,1,,
JPY,fx,2026-07-05T03:00:00Z,2026-07-05T02:55:11.008000Z,161.2708,0,,
JPY,fx,2026-07-05T09:00:00Z,2026-07-05T08:55:10.850000Z,161.2708,1,,
JPY,fx,2026-07-05T15:00:00Z,2026-07-05T14:55:11.111000Z,161.2708,1,,
JPY,fx,2026-07-05T21:00:00Z,2026-07-05T20:55:11.108000Z,161.2708,1,,
JPY,fx,2026-07-06T03:00:00Z,2026-07-06T02:55:11.485000Z,161.3867,0,,
JPY,fx,2026-07-06T09:00:00Z,2026-07-06T08:55:11.359000Z,161.3867,1,,
JPY,fx,2026-07-06T15:00:00Z,2026-07-06T14:55:11.414000Z,161.3867,1,,
JPY,fx,2026-07-06T21:00:00Z,2026-07-06T20:55:11.657000Z,161.3867,1,,
JPY,fx,2026-07-07T03:00:00Z,2026-07-07T02:55:11.020000Z,162.1289,0,,
JPY,fx,2026-07-07T09:00:00Z,2026-07-07T08:55:11.600000Z,162.1289,1,,
JPY,fx,2026-07-07T15:00:00Z,2026-07-07T14:55:12.195000Z,162.1289,1,,
JPY,fx,2026-07-07T21:00:00Z,2026-07-07T20:55:12.024000Z,162.1289,1,,
JPY,fx,2026-07-08T03:00:00Z,2026-07-08T02:55:11.713000Z,162.1027,0,,
JPY,fx,2026-07-08T09:00:00Z,2026-07-08T08:55:11.340000Z,162.1027,1,,
JPY,fx,2026-07-08T15:00:00Z,2026-07-08T14:55:11.912000Z,162.1027,1,,
JPY,fx,2026-07-08T21:00:00Z,2026-07-08T20:55:11.921000Z,162.1027,1,,
JPY,fx,2026-07-09T03:00:00Z,2026-07-09T02:55:10.572000Z,162.5238,0,,
JPY,fx,2026-07-09T09:00:00Z,2026-07-09T08:55:11.905000Z,162.5238,1,,
JPY,fx,2026-07-09T15:00:00Z,2026-07-09T14:55:11.811000Z,162.5238,1,,
JPY,fx,2026-07-09T21:00:00Z,2026-07-09T20:55:11.668000Z,162.5238,1,,
JPY,fx,2026-07-10T03:00:00Z,2026-07-10T02:55:11.317000Z,162.3789,0,,
JPY,fx,2026-07-10T09:00:00Z,2026-07-10T08:55:11.387000Z,162.3789,1,,
JPY,fx,2026-07-10T15:00:00Z,2026-07-10T14:55:10.832000Z,162.3789,1,,
JPY,fx,2026-07-10T21:00:00Z,2026-07-10T20:55:11.288000Z,162.3789,1,,
JPY,fx,2026-07-11T03:00:00Z,2026-07-11T02:55:11.148000Z,161.7696,0,,
JPY,fx,2026-07-11T09:00:00Z,2026-07-11T08:55:11.092000Z,161.7696,1,,
JPY,fx,2026-07-11T15:00:00Z,2026-07-11T14:55:10.999000Z,161.7696,1,,
MXN,fx,2026-06-27T21:00:00Z,2026-06-27T21:40:31.610000Z,17.5033,0,,
MXN,fx,2026-06-28T03:00:00Z,2026-06-28T02:55:11.324000Z,17.5064,0,,
MXN,fx,2026-06-28T09:00:00Z,2026-06-28T08:55:11.361000Z,17.5064,1,,
MXN,fx,2026-06-28T15:00:00Z,2026-06-28T14:55:11.246000Z,17.5064,1,,
MXN,fx,2026-06-28T21:00:00Z,2026-06-28T20:55:10.546000Z,17.5064,1,,
MXN,fx,2026-06-29T03:00:00Z,2026-06-29T02:55:11.372000Z,17.5049,0,,
MXN,fx,2026-06-29T09:00:00Z,2026-06-29T08:55:11.265000Z,17.5049,1,,
MXN,fx,2026-06-29T15:00:00Z,2026-06-29T14:55:11.394000Z,17.5049,1,,
MXN,fx,2026-06-29T21:00:00Z,2026-06-29T20:55:10.937000Z,17.5049,1,,
MXN,fx,2026-06-30T03:00:00Z,2026-06-30T02:55:11.330000Z,17.4831,0,,
MXN,fx,2026-06-30T09:00:00Z,2026-06-30T08:55:11.294000Z,17.4831,1,,
MXN,fx,2026-06-30T15:00:00Z,2026-06-30T14:55:11.351000Z,17.4831,1,,
MXN,fx,2026-06-30T21:00:00Z,2026-06-30T20:55:11.103000Z,17.4831,1,,
MXN,fx,2026-07-01T03:00:00Z,2026-07-01T02:55:11.349000Z,17.4796,0,,
MXN,fx,2026-07-01T09:00:00Z,2026-07-01T08:55:11.411000Z,17.4796,1,,
MXN,fx,2026-07-01T15:00:00Z,2026-07-01T14:55:11.995000Z,17.4796,1,,
MXN,fx,2026-07-01T21:00:00Z,2026-07-01T20:55:10.989000Z,17.4796,1,,
MXN,fx,2026-07-02T03:00:00Z,2026-07-02T02:55:11.514000Z,17.5448,0,,
MXN,fx,2026-07-02T09:00:00Z,2026-07-02T08:55:11.460000Z,17.5448,1,,
MXN,fx,2026-07-02T15:00:00Z,2026-07-02T14:55:11.275000Z,17.5448,1,,
MXN,fx,2026-07-02T21:00:00Z,2026-07-02T20:55:10.508000Z,17.5448,1,,
MXN,fx,2026-07-03T03:00:00Z,2026-07-03T02:55:11.428000Z,17.4859,0,,
MXN,fx,2026-07-03T09:00:00Z,2026-07-03T08:55:10.896000Z,17.4859,1,,
MXN,fx,2026-07-03T15:00:00Z,2026-07-03T14:55:11.435000Z,17.4859,1,,
MXN,fx,2026-07-03T21:00:00Z,2026-07-03T20:55:11.659000Z,17.4859,1,,
MXN,fx,2026-07-04T03:00:00Z,2026-07-04T02:55:11.251000Z,17.4683,0,,
MXN,fx,2026-07-04T09:00:00Z,2026-07-04T08:55:10.452000Z,17.4683,1,,
MXN,fx,2026-07-04T15:00:00Z,2026-07-04T14:55:11.781000Z,17.4683,1,,
MXN,fx,2026-07-04T21:00:00Z,2026-07-04T20:55:11.248000Z,17.4683,1,,
MXN,fx,2026-07-05T03:00:00Z,2026-07-05T02:55:11.008000Z,17.4678,0,,
MXN,fx,2026-07-05T09:00:00Z,2026-07-05T08:55:10.850000Z,17.4678,1,,
MXN,fx,2026-07-05T15:00:00Z,2026-07-05T14:55:11.111000Z,17.4678,1,,
MXN,fx,2026-07-05T21:00:00Z,2026-07-05T20:55:11.108000Z,17.4678,1,,
MXN,fx,2026-07-06T03:00:00Z,2026-07-06T02:55:11.485000Z,17.476,0,,
MXN,fx,2026-07-06T09:00:00Z,2026-07-06T08:55:11.359000Z,17.476,1,,
MXN,fx,2026-07-06T15:00:00Z,2026-07-06T14:55:11.414000Z,17.476,1,,
MXN,fx,2026-07-06T21:00:00Z,2026-07-06T20:55:11.657000Z,17.476,1,,
MXN,fx,2026-07-07T03:00:00Z,2026-07-07T02:55:11.020000Z,17.4302,0,,
MXN,fx,2026-07-07T09:00:00Z,2026-07-07T08:55:11.600000Z,17.4302,1,,
MXN,fx,2026-07-07T15:00:00Z,2026-07-07T14:55:12.195000Z,17.4302,1,,
MXN,fx,2026-07-07T21:00:00Z,2026-07-07T20:55:12.024000Z,17.4302,1,,
MXN,fx,2026-07-08T03:00:00Z,2026-07-08T02:55:11.713000Z,17.494,0,,
MXN,fx,2026-07-08T09:00:00Z,2026-07-08T08:55:11.340000Z,17.494,1,,
MXN,fx,2026-07-08T15:00:00Z,2026-07-08T14:55:11.912000Z,17.494,1,,
MXN,fx,2026-07-08T21:00:00Z,2026-07-08T20:55:11.921000Z,17.494,1,,
MXN,fx,2026-07-09T03:00:00Z,2026-07-09T02:55:10.572000Z,17.5788,0,,
MXN,fx,2026-07-09T09:00:00Z,2026-07-09T08:55:11.905000Z,17.5788,1,,
MXN,fx,2026-07-09T15:00:00Z,2026-07-09T14:55:11.811000Z,17.5788,1,,
MXN,fx,2026-07-09T21:00:00Z,2026-07-09T20:55:11.668000Z,17.5788,1,,
MXN,fx,2026-07-10T03:00:00Z,2026-07-10T02:55:11.317000Z,17.5447,0,,
MXN,fx,2026-07-10T09:00:00Z,2026-07-10T08:55:11.387000Z,17.5447,1,,
MXN,fx,2026-07-10T15:00:00Z,2026-07-10T14:55:10.832000Z,17.5447,1,,
MXN,fx,2026-07-10T21:00:00Z,2026-07-10T20:55:11.288000Z,17.5447,1,,
MXN,fx,2026-07-11T03:00:00Z,2026-07-11T02:55:11.148000Z,17.4963,0,,
MXN,fx,2026-07-11T09:00:00Z,2026-07-11T08:55:11.092000Z,17.4963,1,,
MXN,fx,2026-07-11T15:00:00Z,2026-07-11T14:55:10.999000Z,17.4963,1,,
XAG,metals,2026-06-27T21:00:00Z,2026-06-27T19:40:46.474000Z,59.21699905,1,,
XAG,metals,2026-06-28T15:00:00Z,2026-06-28T14:55:11.292000Z,59.67399979,1,,
XAG,metals,2026-06-28T21:00:00Z,2026-06-28T20:55:10.581000Z,59.67399979,1,,
XAG,metals,2026-06-29T03:00:00Z,2026-06-29T02:55:11.425000Z,58.99000168,0,,
XAG,metals,2026-06-29T09:00:00Z,2026-06-29T08:55:11.318000Z,58.70999908,0,,
XAG,metals,2026-06-29T15:00:00Z,2026-06-29T14:55:11.434000Z,58.40999985,0,,
XAG,metals,2026-06-29T21:00:00Z,2026-06-29T20:55:10.971000Z,58.70000076,0,,
XAG,metals,2026-06-30T03:00:00Z,2026-06-30T02:55:11.365000Z,57.57500076,0,,
XAG,metals,2026-06-30T09:00:00Z,2026-06-30T08:55:11.331000Z,58.95999908,0,,
XAG,metals,2026-06-30T15:00:00Z,2026-06-30T14:55:11.423000Z,60.68500137,0,,
XAG,metals,2026-06-30T21:00:00Z,2026-06-30T20:55:11.137000Z,59.25,0,,
XAG,metals,2026-07-01T03:00:00Z,2026-07-01T02:55:11.380000Z,58.29999924,0,,
XAG,metals,2026-07-01T09:00:00Z,2026-07-01T08:55:11.441000Z,58.20999908,0,,
XAG,metals,2026-07-01T15:00:00Z,2026-07-01T14:55:12.045000Z,60.90000153,0,,
XAG,metals,2026-07-01T21:00:00Z,2026-07-01T20:55:11.020000Z,59.63000107,0,,
XAG,metals,2026-07-02T03:00:00Z,2026-07-02T02:55:11.559000Z,60.49499893,0,,
XAG,metals,2026-07-02T09:00:00Z,2026-07-02T08:55:11.503000Z,60.61999893,0,,
XAG,metals,2026-07-02T15:00:00Z,2026-07-02T14:55:11.310000Z,61.75999832,0,,
XAG,metals,2026-07-02T21:00:00Z,2026-07-02T20:55:10.538000Z,61.33000183,0,,
XAG,metals,2026-07-03T03:00:00Z,2026-07-03T02:55:11.474000Z,63.01499939,0,,
XAG,metals,2026-07-03T09:00:00Z,2026-07-03T08:55:10.933000Z,63.16500092,0,,
XAG,metals,2026-07-03T15:00:00Z,2026-07-03T14:55:11.486000Z,62.65000153,0,,
XAG,metals,2026-07-03T21:00:00Z,2026-07-03T20:55:11.693000Z,62.81499863,0,,
XAG,metals,2026-07-04T03:00:00Z,2026-07-04T02:55:11.287000Z,62.81499863,1,,
XAG,metals,2026-07-04T09:00:00Z,2026-07-04T08:55:10.486000Z,62.81499863,1,,
XAG,metals,2026-07-04T15:00:00Z,2026-07-04T14:55:11.817000Z,62.81499863,1,,
XAG,metals,2026-07-04T21:00:00Z,2026-07-04T20:55:11.283000Z,62.81499863,1,,
XAG,metals,2026-07-05T03:00:00Z,2026-07-05T02:55:11.044000Z,62.81499863,1,,
XAG,metals,2026-07-05T09:00:00Z,2026-07-05T08:55:10.883000Z,62.81499863,1,,
XAG,metals,2026-07-05T15:00:00Z,2026-07-05T14:55:11.146000Z,62.81499863,1,,
XAG,metals,2026-07-05T21:00:00Z,2026-07-05T20:55:11.142000Z,62.81499863,1,,
XAG,metals,2026-07-06T03:00:00Z,2026-07-06T02:55:11.521000Z,62.38499832,0,,
XAG,metals,2026-07-06T09:00:00Z,2026-07-06T08:55:11.391000Z,62.40499878,0,,
XAG,metals,2026-07-06T15:00:00Z,2026-07-06T14:55:11.450000Z,61.98500061,0,,
XAG,metals,2026-07-06T21:00:00Z,2026-07-06T20:55:11.696000Z,62.46500015,0,,
XAG,metals,2026-07-07T03:00:00Z,2026-07-07T02:55:11.052000Z,61.95999908,0,,
XAG,metals,2026-07-07T09:00:00Z,2026-07-07T08:55:11.633000Z,61.45000076,0,,
XAG,metals,2026-07-07T15:00:00Z,2026-07-07T14:55:12.229000Z,61.38000107,0,,
XAG,metals,2026-07-07T21:00:00Z,2026-07-07T20:55:12.069000Z,60.40000153,0,,
XAG,metals,2026-07-08T03:00:00Z,2026-07-08T02:55:11.750000Z,60.55500031,0,,
XAG,metals,2026-07-08T09:00:00Z,2026-07-08T08:55:11.378000Z,59.22000122,0,,
XAG,metals,2026-07-08T15:00:00Z,2026-07-08T14:55:11.951000Z,58.04499817,0,,
XAG,metals,2026-07-08T21:00:00Z,2026-07-08T20:55:11.958000Z,58.55500031,0,,
XAG,metals,2026-07-09T03:00:00Z,2026-07-09T02:55:10.625000Z,58.52000046,0,,
XAG,metals,2026-07-09T09:00:00Z,2026-07-09T08:55:11.938000Z,59.70500183,0,,
XAG,metals,2026-07-09T15:00:00Z,2026-07-09T14:55:11.868000Z,60.51499939,0,,
XAG,metals,2026-07-09T21:00:00Z,2026-07-09T20:55:11.704000Z,60.38000107,0,,
XAG,metals,2026-07-10T03:00:00Z,2026-07-10T02:55:11.348000Z,60.71500015,0,,
XAG,metals,2026-07-10T09:00:00Z,2026-07-10T08:55:11.424000Z,59.99000168,0,,
XAG,metals,2026-07-10T15:00:00Z,2026-07-10T14:55:10.863000Z,60.01499939,0,,
XAG,metals,2026-07-10T21:00:00Z,2026-07-10T20:55:11.330000Z,60.18999863,0,,
XAG,metals,2026-07-11T03:00:00Z,2026-07-11T02:55:11.182000Z,60.29999924,1,,
XAG,metals,2026-07-11T09:00:00Z,2026-07-11T08:55:11.136000Z,59.80899811,1,,
XAG,metals,2026-07-11T15:00:00Z,2026-07-11T14:55:11.032000Z,59.80899811,1,,
XAU,metals,2026-06-27T21:00:00Z,2026-06-27T19:40:46.474000Z,4078.699951,1,,
XAU,metals,2026-06-28T15:00:00Z,2026-06-28T14:55:11.292000Z,4096.299805,1,,
XAU,metals,2026-06-28T21:00:00Z,2026-06-28T20:55:10.581000Z,4096.299805,1,,
XAU,metals,2026-06-29T03:00:00Z,2026-06-29T02:55:11.425000Z,4075.199951,0,,
XAU,metals,2026-06-29T09:00:00Z,2026-06-29T08:55:11.318000Z,4069.600098,0,,
XAU,metals,2026-06-29T15:00:00Z,2026-06-29T14:55:11.434000Z,4035.800049,0,,
XAU,metals,2026-06-29T21:00:00Z,2026-06-29T20:55:10.971000Z,4030.5,0,,
XAU,metals,2026-06-30T03:00:00Z,2026-06-30T02:55:11.365000Z,3973.199951,0,,
XAU,metals,2026-06-30T09:00:00Z,2026-06-30T08:55:11.331000Z,4032.800049,0,,
XAU,metals,2026-06-30T15:00:00Z,2026-06-30T14:55:11.423000Z,4063.699951,0,,
XAU,metals,2026-06-30T21:00:00Z,2026-06-30T20:55:11.137000Z,4025.800049,0,,
XAU,metals,2026-07-01T03:00:00Z,2026-07-01T02:55:11.380000Z,3996.100098,0,,
XAU,metals,2026-07-01T09:00:00Z,2026-07-01T08:55:11.441000Z,3990.199951,0,,
XAU,metals,2026-07-01T15:00:00Z,2026-07-01T14:55:12.045000Z,4106.899902,0,,
XAU,metals,2026-07-01T21:00:00Z,2026-07-01T20:55:11.020000Z,4047.699951,0,,
XAU,metals,2026-07-02T03:00:00Z,2026-07-02T02:55:11.559000Z,4068,0,,
XAU,metals,2026-07-02T09:00:00Z,2026-07-02T08:55:11.503000Z,4088.399902,0,,
XAU,metals,2026-07-02T15:00:00Z,2026-07-02T14:55:11.310000Z,4131.100098,0,,
XAU,metals,2026-07-02T21:00:00Z,2026-07-02T20:55:10.538000Z,4133.399902,0,,
XAU,metals,2026-07-03T03:00:00Z,2026-07-03T02:55:11.474000Z,4196.399902,0,,
XAU,metals,2026-07-03T09:00:00Z,2026-07-03T08:55:10.933000Z,4197,0,,
XAU,metals,2026-07-03T15:00:00Z,2026-07-03T14:55:11.486000Z,4176.299805,0,,
XAU,metals,2026-07-03T21:00:00Z,2026-07-03T20:55:11.693000Z,4187.299805,0,,
XAU,metals,2026-07-04T03:00:00Z,2026-07-04T02:55:11.287000Z,4187.299805,1,,
XAU,metals,2026-07-04T09:00:00Z,2026-07-04T08:55:10.486000Z,4187.299805,1,,
XAU,metals,2026-07-04T15:00:00Z,2026-07-04T14:55:11.817000Z,4187.299805,1,,
XAU,metals,2026-07-04T21:00:00Z,2026-07-04T20:55:11.283000Z,4187.299805,1,,
XAU,metals,2026-07-05T03:00:00Z,2026-07-05T02:55:11.044000Z,4187.299805,1,,
XAU,metals,2026-07-05T09:00:00Z,2026-07-05T08:55:10.883000Z,4187.299805,1,,
XAU,metals,2026-07-05T15:00:00Z,2026-07-05T14:55:11.146000Z,4187.299805,1,,
XAU,metals,2026-07-05T21:00:00Z,2026-07-05T20:55:11.142000Z,4187.299805,1,,
XAU,metals,2026-07-06T03:00:00Z,2026-07-06T02:55:11.521000Z,4184.899902,0,,
XAU,metals,2026-07-06T09:00:00Z,2026-07-06T08:55:11.391000Z,4161,0,,
XAU,metals,2026-07-06T15:00:00Z,2026-07-06T14:55:11.450000Z,4142.5,0,,
XAU,metals,2026-07-06T21:00:00Z,2026-07-06T20:55:11.696000Z,4175,0,,
XAU,metals,2026-07-07T03:00:00Z,2026-07-07T02:55:11.052000Z,4151.299805,0,,
XAU,metals,2026-07-07T09:00:00Z,2026-07-07T08:55:11.633000Z,4141.799805,0,,
XAU,metals,2026-07-07T15:00:00Z,2026-07-07T14:55:12.229000Z,4163.600098,0,,
XAU,metals,2026-07-07T21:00:00Z,2026-07-07T20:55:12.069000Z,4116.899902,0,,
XAU,metals,2026-07-08T03:00:00Z,2026-07-08T02:55:11.750000Z,4131.100098,0,,
XAU,metals,2026-07-08T09:00:00Z,2026-07-08T08:55:11.378000Z,4077.300049,0,,
XAU,metals,2026-07-08T15:00:00Z,2026-07-08T14:55:11.951000Z,4047.699951,0,,
XAU,metals,2026-07-08T21:00:00Z,2026-07-08T20:55:11.958000Z,4084.600098,0,,
XAU,metals,2026-07-09T03:00:00Z,2026-07-09T02:55:10.625000Z,4079.800049,0,,
XAU,metals,2026-07-09T09:00:00Z,2026-07-09T08:55:11.938000Z,4122.5,0,,
XAU,metals,2026-07-09T15:00:00Z,2026-07-09T14:55:11.868000Z,4133.299805,0,,
XAU,metals,2026-07-09T21:00:00Z,2026-07-09T20:55:11.704000Z,4133.399902,0,,
XAU,metals,2026-07-10T03:00:00Z,2026-07-10T02:55:11.348000Z,4135.200195,0,,
XAU,metals,2026-07-10T09:00:00Z,2026-07-10T08:55:11.424000Z,4110,0,,
XAU,metals,2026-07-10T15:00:00Z,2026-07-10T14:55:10.863000Z,4108.799805,0,,
XAU,metals,2026-07-10T21:00:00Z,2026-07-10T20:55:11.330000Z,4120.399902,0,,
XAU,metals,2026-07-11T03:00:00Z,2026-07-11T02:55:11.182000Z,4128.899902,1,,
XAU,metals,2026-07-11T09:00:00Z,2026-07-11T08:55:11.136000Z,4104.100098,1,,
XAU,metals,2026-07-11T15:00:00Z,2026-07-11T14:55:11.032000Z,4104.100098,1,,
XPD,metals,2026-06-27T21:00:00Z,2026-06-27T19:40:46.474000Z,1209,1,,
XPD,metals,2026-06-28T15:00:00Z,2026-06-28T14:55:11.292000Z,1220.400024,1,,
XPD,metals,2026-06-28T21:00:00Z,2026-06-28T20:55:10.581000Z,1220.400024,1,,
XPD,metals,2026-06-29T03:00:00Z,2026-06-29T02:55:11.425000Z,1226,0,,
XPD,metals,2026-06-29T09:00:00Z,2026-06-29T08:55:11.318000Z,1235,0,,
XPD,metals,2026-06-29T15:00:00Z,2026-06-29T14:55:11.434000Z,1222.5,0,,
XPD,metals,2026-06-29T21:00:00Z,2026-06-29T20:55:10.971000Z,1223.5,0,,
XPD,metals,2026-06-30T03:00:00Z,2026-06-30T02:55:11.365000Z,1213.5,0,,
XPD,metals,2026-06-30T09:00:00Z,2026-06-30T08:55:11.331000Z,1230.5,0,,
XPD,metals,2026-06-30T15:00:00Z,2026-06-30T14:55:11.423000Z,1225,0,,
XPD,metals,2026-06-30T21:00:00Z,2026-06-30T20:55:11.137000Z,1216,0,,
XPD,metals,2026-07-01T03:00:00Z,2026-07-01T02:55:11.380000Z,1203,0,,
XPD,metals,2026-07-01T09:00:00Z,2026-07-01T08:55:11.441000Z,1190,0,,
XPD,metals,2026-07-01T15:00:00Z,2026-07-01T14:55:12.045000Z,1224,0,,
XPD,metals,2026-07-01T21:00:00Z,2026-07-01T20:55:11.020000Z,1219,0,,
XPD,metals,2026-07-02T03:00:00Z,2026-07-02T02:55:11.559000Z,1229.5,0,,
XPD,metals,2026-07-02T09:00:00Z,2026-07-02T08:55:11.503000Z,1237,0,,
XPD,metals,2026-07-02T15:00:00Z,2026-07-02T14:55:11.310000Z,1270,0,,
XPD,metals,2026-07-02T21:00:00Z,2026-07-02T20:55:10.538000Z,1268.5,0,,
XPD,metals,2026-07-03T03:00:00Z,2026-07-03T02:55:11.474000Z,1288,0,,
XPD,metals,2026-07-03T09:00:00Z,2026-07-03T08:55:10.933000Z,1288,1,,
XPD,metals,2026-07-03T15:00:00Z,2026-07-03T14:55:11.486000Z,1281.5,0,,
XPD,metals,2026-07-03T21:00:00Z,2026-07-03T20:55:11.693000Z,1272.5,0,,
XPD,metals,2026-07-04T03:00:00Z,2026-07-04T02:55:11.287000Z,1272.5,1,,
XPD,metals,2026-07-04T09:00:00Z,2026-07-04T08:55:10.486000Z,1272.5,1,,
XPD,metals,2026-07-04T15:00:00Z,2026-07-04T14:55:11.817000Z,1272.5,1,,
XPD,metals,2026-07-04T21:00:00Z,2026-07-04T20:55:11.283000Z,1272.5,1,,
XPD,metals,2026-07-05T03:00:00Z,2026-07-05T02:55:11.044000Z,1272.5,1,,
XPD,metals,2026-07-05T09:00:00Z,2026-07-05T08:55:10.883000Z,1272.5,1,,
XPD,metals,2026-07-05T15:00:00Z,2026-07-05T14:55:11.146000Z,1272.5,1,,
XPD,metals,2026-07-05T21:00:00Z,2026-07-05T20:55:11.142000Z,1272.5,1,,
XPD,metals,2026-07-06T03:00:00Z,2026-07-06T02:55:11.521000Z,1269,0,,
XPD,metals,2026-07-06T09:00:00Z,2026-07-06T08:55:11.391000Z,1277.5,0,,
XPD,metals,2026-07-06T15:00:00Z,2026-07-06T14:55:11.450000Z,1273,0,,
XPD,metals,2026-07-06T21:00:00Z,2026-07-06T20:55:11.696000Z,1273.5,0,,
XPD,metals,2026-07-07T03:00:00Z,2026-07-07T02:55:11.052000Z,1274,0,,
XPD,metals,2026-07-07T09:00:00Z,2026-07-07T08:55:11.633000Z,1268.5,0,,
XPD,metals,2026-07-07T15:00:00Z,2026-07-07T14:55:12.229000Z,1274,0,,
XPD,metals,2026-07-07T21:00:00Z,2026-07-07T20:55:12.069000Z,1268.5,0,,
XPD,metals,2026-07-08T03:00:00Z,2026-07-08T02:55:11.750000Z,1270,0,,
XPD,metals,2026-07-08T09:00:00Z,2026-07-08T08:55:11.378000Z,1229,0,,
XPD,metals,2026-07-08T15:00:00Z,2026-07-08T14:55:11.951000Z,1223.5,0,,
XPD,metals,2026-07-08T21:00:00Z,2026-07-08T20:55:11.958000Z,1219.5,0,,
XPD,metals,2026-07-09T03:00:00Z,2026-07-09T02:55:10.625000Z,1228,0,,
XPD,metals,2026-07-09T09:00:00Z,2026-07-09T08:55:11.938000Z,1252,0,,
XPD,metals,2026-07-09T15:00:00Z,2026-07-09T14:55:11.868000Z,1256,0,,
XPD,metals,2026-07-09T21:00:00Z,2026-07-09T20:55:11.704000Z,1252.5,0,,
XPD,metals,2026-07-10T03:00:00Z,2026-07-10T02:55:11.348000Z,1268.5,0,,
XPD,metals,2026-07-10T09:00:00Z,2026-07-10T08:55:11.424000Z,1268.5,1,,
XPD,metals,2026-07-10T15:00:00Z,2026-07-10T14:55:10.863000Z,1284.5,0,,
XPD,metals,2026-07-10T21:00:00Z,2026-07-10T20:55:11.330000Z,1280,0,,
XPD,metals,2026-07-11T03:00:00Z,2026-07-11T02:55:11.182000Z,1280.5,1,,
XPD,metals,2026-07-11T09:00:00Z,2026-07-11T08:55:11.136000Z,1266.300049,1,,
XPD,metals,2026-07-11T15:00:00Z,2026-07-11T14:55:11.032000Z,1266.300049,1,,
XPT,metals,2026-06-27T21:00:00Z,2026-06-27T19:40:46.474000Z,1630.900024,1,,
XPT,metals,2026-06-28T15:00:00Z,2026-06-28T14:55:11.292000Z,1647.300049,1,,
XPT,metals,2026-06-28T21:00:00Z,2026-06-28T20:55:10.581000Z,1647.300049,1,,
XPT,metals,2026-06-29T03:00:00Z,2026-06-29T02:55:11.425000Z,1642.599976,0,,
XPT,metals,2026-06-29T09:00:00Z,2026-06-29T08:55:11.318000Z,1616.5,0,,
XPT,metals,2026-06-29T15:00:00Z,2026-06-29T14:55:11.434000Z,1587.5,0,,
XPT,metals,2026-06-29T21:00:00Z,2026-06-29T20:55:10.971000Z,1593.199951,0,,
XPT,metals,2026-06-30T03:00:00Z,2026-06-30T02:55:11.365000Z,1571.400024,0,,
XPT,metals,2026-06-30T09:00:00Z,2026-06-30T08:55:11.331000Z,1587,0,,
XPT,metals,2026-06-30T15:00:00Z,2026-06-30T14:55:11.423000Z,1587.099976,0,,
XPT,metals,2026-06-30T21:00:00Z,2026-06-30T20:55:11.137000Z,1562.800049,0,,
XPT,metals,2026-07-01T03:00:00Z,2026-07-01T02:55:11.380000Z,1551.400024,0,,
XPT,metals,2026-07-01T09:00:00Z,2026-07-01T08:55:11.441000Z,1553.300049,0,,
XPT,metals,2026-07-01T15:00:00Z,2026-07-01T14:55:12.045000Z,1607.199951,0,,
XPT,metals,2026-07-01T21:00:00Z,2026-07-01T20:55:11.020000Z,1586.400024,0,,
XPT,metals,2026-07-02T03:00:00Z,2026-07-02T02:55:11.559000Z,1614.5,0,,
XPT,metals,2026-07-02T09:00:00Z,2026-07-02T08:55:11.503000Z,1628.900024,0,,
XPT,metals,2026-07-02T15:00:00Z,2026-07-02T14:55:11.310000Z,1629.900024,0,,
XPT,metals,2026-07-02T21:00:00Z,2026-07-02T20:55:10.538000Z,1631.199951,0,,
XPT,metals,2026-07-03T03:00:00Z,2026-07-03T02:55:11.474000Z,1670.800049,0,,
XPT,metals,2026-07-03T09:00:00Z,2026-07-03T08:55:10.933000Z,1674.400024,0,,
XPT,metals,2026-07-03T15:00:00Z,2026-07-03T14:55:11.486000Z,1658.199951,0,,
XPT,metals,2026-07-03T21:00:00Z,2026-07-03T20:55:11.693000Z,1651.900024,0,,
XPT,metals,2026-07-04T03:00:00Z,2026-07-04T02:55:11.287000Z,1651.900024,1,,
XPT,metals,2026-07-04T09:00:00Z,2026-07-04T08:55:10.486000Z,1651.900024,1,,
XPT,metals,2026-07-04T15:00:00Z,2026-07-04T14:55:11.817000Z,1651.900024,1,,
XPT,metals,2026-07-04T21:00:00Z,2026-07-04T20:55:11.283000Z,1651.900024,1,,
XPT,metals,2026-07-05T03:00:00Z,2026-07-05T02:55:11.044000Z,1651.900024,1,,
XPT,metals,2026-07-05T09:00:00Z,2026-07-05T08:55:10.883000Z,1651.900024,1,,
XPT,metals,2026-07-05T15:00:00Z,2026-07-05T14:55:11.146000Z,1651.900024,1,,
XPT,metals,2026-07-05T21:00:00Z,2026-07-05T20:55:11.142000Z,1651.900024,1,,
XPT,metals,2026-07-06T03:00:00Z,2026-07-06T02:55:11.521000Z,1645.400024,0,,
XPT,metals,2026-07-06T09:00:00Z,2026-07-06T08:55:11.391000Z,1644.400024,0,,
XPT,metals,2026-07-06T15:00:00Z,2026-07-06T14:55:11.450000Z,1633.599976,0,,
XPT,metals,2026-07-06T21:00:00Z,2026-07-06T20:55:11.696000Z,1641.199951,0,,
XPT,metals,2026-07-07T03:00:00Z,2026-07-07T02:55:11.052000Z,1642.099976,0,,
XPT,metals,2026-07-07T09:00:00Z,2026-07-07T08:55:11.633000Z,1641,0,,
XPT,metals,2026-07-07T15:00:00Z,2026-07-07T14:55:12.229000Z,1652.300049,0,,
XPT,metals,2026-07-07T21:00:00Z,2026-07-07T20:55:12.069000Z,1645.199951,0,,
XPT,metals,2026-07-08T03:00:00Z,2026-07-08T02:55:11.750000Z,1642.900024,0,,
XPT,metals,2026-07-08T09:00:00Z,2026-07-08T08:55:11.378000Z,1601.5,0,,
XPT,metals,2026-07-08T15:00:00Z,2026-07-08T14:55:11.951000Z,1586.800049,0,,
XPT,metals,2026-07-08T21:00:00Z,2026-07-08T20:55:11.958000Z,1588.5,0,,
XPT,metals,2026-07-09T03:00:00Z,2026-07-09T02:55:10.625000Z,1601.699951,0,,
XPT,metals,2026-07-09T09:00:00Z,2026-07-09T08:55:11.938000Z,1632.199951,0,,
XPT,metals,2026-07-09T15:00:00Z,2026-07-09T14:55:11.868000Z,1636.900024,0,,
XPT,metals,2026-07-09T21:00:00Z,2026-07-09T20:55:11.704000Z,1622.300049,0,,
XPT,metals,2026-07-10T03:00:00Z,2026-07-10T02:55:11.348000Z,1642,0,,
XPT,metals,2026-07-10T09:00:00Z,2026-07-10T08:55:11.424000Z,1626.800049,0,,
XPT,metals,2026-07-10T15:00:00Z,2026-07-10T14:55:10.863000Z,1632,0,,
XPT,metals,2026-07-10T21:00:00Z,2026-07-10T20:55:11.330000Z,1638.699951,0,,
XPT,metals,2026-07-11T03:00:00Z,2026-07-11T02:55:11.182000Z,1638.599976,1,,
XPT,metals,2026-07-11T09:00:00Z,2026-07-11T08:55:11.136000Z,1618.099976,1,,
XPT,metals,2026-07-11T15:00:00Z,2026-07-11T14:55:11.032000Z,1618.099976,1,,
BRENT,energy,2026-06-27T21:00:00Z,2026-06-27T19:40:46.474000Z,71.98999786,1,,
BRENT,energy,2026-06-28T15:00:00Z,2026-06-28T14:55:11.292000Z,72.59999847,1,,
BRENT,energy,2026-06-28T21:00:00Z,2026-06-28T20:55:10.581000Z,72.59999847,1,,
BRENT,energy,2026-06-29T03:00:00Z,2026-06-29T02:55:11.425000Z,73.08000183,0,,
BRENT,energy,2026-06-29T09:00:00Z,2026-06-29T08:55:11.318000Z,73.26999664,0,,
BRENT,energy,2026-06-29T15:00:00Z,2026-06-29T14:55:11.434000Z,73.59999847,0,,
BRENT,energy,2026-06-29T21:00:00Z,2026-06-29T20:55:10.971000Z,73.69999695,0,,
BRENT,energy,2026-06-30T03:00:00Z,2026-06-30T02:55:11.365000Z,73.65000153,0,,
BRENT,energy,2026-06-30T09:00:00Z,2026-06-30T08:55:11.331000Z,73.9300003,0,,
BRENT,energy,2026-06-30T15:00:00Z,2026-06-30T14:55:11.423000Z,73.97000122,0,,
BRENT,energy,2026-06-30T21:00:00Z,2026-06-30T20:55:11.137000Z,73.38999939,0,,
BRENT,energy,2026-07-01T03:00:00Z,2026-07-01T02:55:11.380000Z,73.23000336,0,,
BRENT,energy,2026-07-01T09:00:00Z,2026-07-01T08:55:11.441000Z,72.25,0,,
BRENT,energy,2026-07-01T15:00:00Z,2026-07-01T14:55:12.045000Z,71.76000214,0,,
BRENT,energy,2026-07-01T21:00:00Z,2026-07-01T20:55:11.020000Z,71.16999817,0,,
BRENT,energy,2026-07-02T03:00:00Z,2026-07-02T02:55:11.559000Z,70.86000061,0,,
BRENT,energy,2026-07-02T09:00:00Z,2026-07-02T08:55:11.503000Z,70.9300003,0,,
BRENT,energy,2026-07-02T15:00:00Z,2026-07-02T14:55:11.310000Z,70.83999634,0,,
BRENT,energy,2026-07-02T21:00:00Z,2026-07-02T20:55:10.538000Z,71.58000183,0,,
BRENT,energy,2026-07-03T03:00:00Z,2026-07-03T02:55:11.474000Z,72.25,0,,
BRENT,energy,2026-07-03T09:00:00Z,2026-07-03T08:55:10.933000Z,71.66000366,0,,
BRENT,energy,2026-07-03T15:00:00Z,2026-07-03T14:55:11.486000Z,72.12999725,0,,
BRENT,energy,2026-07-03T21:00:00Z,2026-07-03T20:55:11.693000Z,72.12999725,1,,
BRENT,energy,2026-07-04T03:00:00Z,2026-07-04T02:55:11.287000Z,72.12999725,1,,
BRENT,energy,2026-07-04T09:00:00Z,2026-07-04T08:55:10.486000Z,72.12999725,1,,
BRENT,energy,2026-07-04T15:00:00Z,2026-07-04T14:55:11.817000Z,72.12999725,1,,
BRENT,energy,2026-07-04T21:00:00Z,2026-07-04T20:55:11.283000Z,72.12999725,1,,
BRENT,energy,2026-07-05T03:00:00Z,2026-07-05T02:55:11.044000Z,72.12999725,1,,
BRENT,energy,2026-07-05T09:00:00Z,2026-07-05T08:55:10.883000Z,72.12999725,1,,
BRENT,energy,2026-07-05T15:00:00Z,2026-07-05T14:55:11.146000Z,72.12999725,1,,
BRENT,energy,2026-07-05T21:00:00Z,2026-07-05T20:55:11.142000Z,72.12999725,1,,
BRENT,energy,2026-07-06T03:00:00Z,2026-07-06T02:55:11.521000Z,72.15000153,0,,
BRENT,energy,2026-07-06T09:00:00Z,2026-07-06T08:55:11.391000Z,71.73000336,0,,
BRENT,energy,2026-07-06T15:00:00Z,2026-07-06T14:55:11.450000Z,72.51999664,0,,
BRENT,energy,2026-07-06T21:00:00Z,2026-07-06T20:55:11.696000Z,72.08000183,0,,
BRENT,energy,2026-07-07T03:00:00Z,2026-07-07T02:55:11.052000Z,72.55000305,0,,
BRENT,energy,2026-07-07T09:00:00Z,2026-07-07T08:55:11.633000Z,72.87000275,0,,
BRENT,energy,2026-07-07T15:00:00Z,2026-07-07T14:55:12.229000Z,73.58000183,0,,
BRENT,energy,2026-07-07T21:00:00Z,2026-07-07T20:55:12.069000Z,75.87000275,0,,
BRENT,energy,2026-07-08T03:00:00Z,2026-07-08T02:55:11.750000Z,75.84999847,0,,
BRENT,energy,2026-07-08T09:00:00Z,2026-07-08T08:55:11.378000Z,78.5,0,,
BRENT,energy,2026-07-08T15:00:00Z,2026-07-08T14:55:11.951000Z,79.48999786,0,,
BRENT,energy,2026-07-08T21:00:00Z,2026-07-08T20:55:11.958000Z,79.36000061,0,,
BRENT,energy,2026-07-09T03:00:00Z,2026-07-09T02:55:10.625000Z,78.97000122,0,,
BRENT,energy,2026-07-09T09:00:00Z,2026-07-09T08:55:11.938000Z,77.27999878,0,,
BRENT,energy,2026-07-09T15:00:00Z,2026-07-09T14:55:11.868000Z,77.41000366,0,,
BRENT,energy,2026-07-09T21:00:00Z,2026-07-09T20:55:11.704000Z,76.08000183,0,,
BRENT,energy,2026-07-10T03:00:00Z,2026-07-10T02:55:11.348000Z,76.48000336,0,,
BRENT,energy,2026-07-10T09:00:00Z,2026-07-10T08:55:11.424000Z,76.1800003,0,,
BRENT,energy,2026-07-10T15:00:00Z,2026-07-10T14:55:10.863000Z,76.5,0,,
BRENT,energy,2026-07-10T21:00:00Z,2026-07-10T20:55:11.330000Z,75.95999908,0,,
BRENT,energy,2026-07-11T03:00:00Z,2026-07-11T02:55:11.182000Z,76,1,,
BRENT,energy,2026-07-11T09:00:00Z,2026-07-11T08:55:11.136000Z,76.01000214,1,,
BRENT,energy,2026-07-11T15:00:00Z,2026-07-11T14:55:11.032000Z,76.01000214,1,,
WTI,energy,2026-06-27T21:00:00Z,2026-06-27T19:40:46.474000Z,69.23000336,1,,
WTI,energy,2026-06-28T15:00:00Z,2026-06-28T14:55:11.292000Z,69.23000336,1,,
WTI,energy,2026-06-28T21:00:00Z,2026-06-28T20:55:10.581000Z,69.23000336,1,,
WTI,energy,2026-06-29T03:00:00Z,2026-06-29T02:55:11.425000Z,69.87999725,0,,
WTI,energy,2026-06-29T09:00:00Z,2026-06-29T08:55:11.318000Z,70.08000183,0,,
WTI,energy,2026-06-29T15:00:00Z,2026-06-29T14:55:11.434000Z,70.36000061,0,,
WTI,energy,2026-06-29T21:00:00Z,2026-06-29T20:55:10.971000Z,70.47000122,0,,
WTI,energy,2026-06-30T03:00:00Z,2026-06-30T02:55:11.365000Z,70.38999939,0,,
WTI,energy,2026-06-30T09:00:00Z,2026-06-30T08:55:11.331000Z,70.72000122,0,,
WTI,energy,2026-06-30T15:00:00Z,2026-06-30T14:55:11.423000Z,70.54000092,0,,
WTI,energy,2026-06-30T21:00:00Z,2026-06-30T20:55:11.137000Z,70.05999756,0,,
WTI,energy,2026-07-01T03:00:00Z,2026-07-01T02:55:11.380000Z,69.79000092,0,,
WTI,energy,2026-07-01T09:00:00Z,2026-07-01T08:55:11.441000Z,68.77999878,0,,
WTI,energy,2026-07-01T15:00:00Z,2026-07-01T14:55:12.045000Z,68.63999939,0,,
WTI,energy,2026-07-01T21:00:00Z,2026-07-01T20:55:11.020000Z,68.11000061,0,,
WTI,energy,2026-07-02T03:00:00Z,2026-07-02T02:55:11.559000Z,67.76000214,0,,
WTI,energy,2026-07-02T09:00:00Z,2026-07-02T08:55:11.503000Z,68,0,,
WTI,energy,2026-07-02T15:00:00Z,2026-07-02T14:55:11.310000Z,67.69999695,0,,
WTI,energy,2026-07-02T21:00:00Z,2026-07-02T20:55:10.538000Z,68.48000336,0,,
WTI,energy,2026-07-03T03:00:00Z,2026-07-03T02:55:11.474000Z,69.05999756,0,,
WTI,energy,2026-07-03T09:00:00Z,2026-07-03T08:55:10.933000Z,68.44000244,0,,
WTI,energy,2026-07-03T15:00:00Z,2026-07-03T14:55:11.486000Z,68.76000214,0,,
WTI,energy,2026-07-03T21:00:00Z,2026-07-03T20:55:11.693000Z,68.77999878,0,,
WTI,energy,2026-07-04T03:00:00Z,2026-07-04T02:55:11.287000Z,68.77999878,1,,
WTI,energy,2026-07-04T09:00:00Z,2026-07-04T08:55:10.486000Z,68.77999878,1,,
WTI,energy,2026-07-04T15:00:00Z,2026-07-04T14:55:11.817000Z,68.77999878,1,,
WTI,energy,2026-07-04T21:00:00Z,2026-07-04T20:55:11.283000Z,68.77999878,1,,
WTI,energy,2026-07-05T03:00:00Z,2026-07-05T02:55:11.044000Z,68.77999878,1,,
WTI,energy,2026-07-05T09:00:00Z,2026-07-05T08:55:10.883000Z,68.77999878,1,,
WTI,energy,2026-07-05T15:00:00Z,2026-07-05T14:55:11.146000Z,68.77999878,1,,
WTI,energy,2026-07-05T21:00:00Z,2026-07-05T20:55:11.142000Z,68.77999878,1,,
WTI,energy,2026-07-06T03:00:00Z,2026-07-06T02:55:11.521000Z,68.83000183,0,,
WTI,energy,2026-07-06T09:00:00Z,2026-07-06T08:55:11.391000Z,68.38999939,0,,
WTI,energy,2026-07-06T15:00:00Z,2026-07-06T14:55:11.450000Z,69.02999878,0,,
WTI,energy,2026-07-06T21:00:00Z,2026-07-06T20:55:11.696000Z,68.66999817,0,,
WTI,energy,2026-07-07T03:00:00Z,2026-07-07T02:55:11.052000Z,69.08999634,0,,
WTI,energy,2026-07-07T09:00:00Z,2026-07-07T08:55:11.633000Z,69.3199997,0,,
WTI,energy,2026-07-07T15:00:00Z,2026-07-07T14:55:12.229000Z,70.04000092,0,,
WTI,energy,2026-07-07T21:00:00Z,2026-07-07T20:55:12.069000Z,72.1800003,0,,
WTI,energy,2026-07-08T03:00:00Z,2026-07-08T02:55:11.750000Z,72.12000275,0,,
WTI,energy,2026-07-08T09:00:00Z,2026-07-08T08:55:11.378000Z,74.66999817,0,,
WTI,energy,2026-07-08T15:00:00Z,2026-07-08T14:55:11.951000Z,75.34999847,0,,
WTI,energy,2026-07-08T21:00:00Z,2026-07-08T20:55:11.958000Z,74.83000183,0,,
WTI,energy,2026-07-09T03:00:00Z,2026-07-09T02:55:10.625000Z,74.44000244,0,,
WTI,energy,2026-07-09T09:00:00Z,2026-07-09T08:55:11.938000Z,72.87000275,0,,
WTI,energy,2026-07-09T15:00:00Z,2026-07-09T14:55:11.868000Z,72.80000305,0,,
WTI,energy,2026-07-09T21:00:00Z,2026-07-09T20:55:11.704000Z,71.84999847,0,,
WTI,energy,2026-07-10T03:00:00Z,2026-07-10T02:55:11.348000Z,72.30999756,0,,
WTI,energy,2026-07-10T09:00:00Z,2026-07-10T08:55:11.424000Z,71.95999908,0,,
WTI,energy,2026-07-10T15:00:00Z,2026-07-10T14:55:10.863000Z,71.98999786,0,,
WTI,energy,2026-07-10T21:00:00Z,2026-07-10T20:55:11.330000Z,71.51999664,0,,
WTI,energy,2026-07-11T03:00:00Z,2026-07-11T02:55:11.182000Z,71.51000214,1,,
WTI,energy,2026-07-11T09:00:00Z,2026-07-11T08:55:11.136000Z,71.41000366,1,,
WTI,energy,2026-07-11T15:00:00Z,2026-07-11T14:55:11.032000Z,71.41000366,1,,
